YEAR,CMTE_ID,TOTAL_TRANSACTIONS,CMTE_NAME
2006,C00053553,227388,NATIONAL RIFLE ASSOCIATION OF AMERICA POLITICAL VICTORY FUND
2002,C00003418,73543,REPUBLICAN NATIONAL COMMITTEE
2000,C00075820,67140,NATIONAL REPUBLICAN CONGRESSIONAL COMMITTEE EXPENDITURES
2000,C00307777,64032,FREEDOM CLUB FEDERAL PAC
2006,C00129171,52548,"MINNESOTA CITIZENS CONCERNED FOR LIFE, INC. FEDERAL PAC"
2004,C00347203,45911,KENNEDY FOR CONGRESS
2000,C00000935,39146,DEMOCRATIC CONGRESSIONAL CAMPAIGN COMMITTEE - EXPENDITURES
2000,C00053553,37865,NRA POLITICAL VICTORY FUND
2004,C00075820,34398,NATIONAL REPUBLICAN CONGRESSIONAL COMMITTEE
2006,C00111278,27058,NATIONAL RIGHT TO LIFE POLITICAL ACTION COMMITTEE
2006,C70001847,25149,AMERICAN MEDICAL ASSOCIATION
2006,C00027466,25000,NATIONAL REPUBLICAN SENATORIAL COMMITTEE
2006,C00332296,24851,SUSAN B. ANTHONY LIST INC. CANDIDATE FUND
2006,C00384032,22834,MARK KENNEDY FOR CONGRESS
2006,C70000120,20329,"AMERICAN FEDERATION OF STATE, COUNTY AND MUNICIPAL EMPLOYEES, AFL-CIO (D.C.)"
2006,C00193177,19000,FINANCIAL SERVICES ROUNDTABLE PAC
2006,C00077321,19000,AMERICAN INSTITUTE OF CERTIFIED PUBLIC ACCOUNTANTS POLITICAL ACTION COMMITTEE
2006,C00343137,18000,POLITICAL ACTION COMMITTEE OF THE AMERICAN ASSOCIATION OF ORTHOPAEDIC SURGEONS
2002,C00307777,16501,FREEDOM CLUB FEDERAL PAC
2006,C00199703,15000,SMITHKLINE BEECHAM CORPORATION POLITICAL ACTION COMMITTEE (GLAXOSMITHKLINE PAC)
2006,C00325076,15000,CAMPAIGN FOR WORKING FAMILIES
2006,C00343947,15000,NEXT CENTURY FUND
2006,C00379479,15000,"HAWKEYE PAC, THE"
2006,C00098061,15000,TARGETCITIZENS POLITICAL FORUM
2002,C00077321,15000,AMERICAN INSTITUTE OF CERTIFIED PUBLIC ACCOUNTANTS EFFECTIVE LEGISLATION COMMITTEE (AICPA)
2002,C00000901,15000,BUILD POLITICAL ACTION COMMITTEE OF THE NATIONAL ASSOCIATION OF HOME BUILDERS
2002,C00062646,15000,GENERAL MILLS POLITICAL ACTION COMMITTEE
2002,C00093054,15000,WAL-MART STORES INC PAC FOR RESPONSIBLE GOVERNMENT
2000,C00129171,14367,MINNESOTA CITIZENS CONCERNED FOR LIFE COMMITTEE FOR A PRO-LIFE CONGRESS
2002,C00166348,14000,SOUTHERN MINNESOTA SUGAR COOPERATIVE POLITICAL ACTION COMMITTEE
2004,C00053553,13570,NRA POLITICAL VICTORY FUND
2002,C00053553,13148,NRA POLITICAL VICTORY FUND
2002,C00001313,13000,REPUBLICAN PARTY OF MINNESOTA
2006,C00307777,12500,FREEDOM CLUB FEDERAL PAC
2002,C00040998,12000,DEALERS ELECTION ACTION COMMITTEE OF THE NATIONAL AUTOMOBILE DEALERS ASSOCIATION (NADA)
2002,C00000422,11500,AMERICAN MEDICAL ASSOCIATION POLITICAL ACTION COMMITTEE
2006,C70002969,11235,NATIONAL FEDERATION OF INDEPENDENT BUSINESS SAVE AMERICA'S FREE ENTERPRISE TRUST
2004,C00129171,11116,MCCL FEDERAL PAC
2004,C00330068,11096,PROMOTING REPUBLICANS YOU CAN ELECT PROJECT (PRYCE PROJECT)
2006,C70000112,11006,AFL-CIO COPE POLITICAL CONTRIBUTIONS COMMITTEE
2004,C00305805,10576,FREEDOM PROJECT; THE
2002,C00305805,10528,FREEDOM PROJECT; THE
2004,C00082917,10484,ASSOCIATED GENERAL CONTRACTORS OF AMERICA POLITICAL ACTION COMMITTEE
2002,C00018036,10128,U S BANCORP POLITICAL PARTICIPATION PROGRAM
2006,C00080515,10000,EMERSON ELECTRIC CO RESPONSIBLE GOVERNMENT FUND
2006,C00363689,10000,TALLATCHEE CREEK INC. PAC
2006,C00078451,10000,GENERAL DYNAMICS VOLUNTARY POLITICAL CONTRIBUTION PLAN (GDVPCP)
2006,C00364158,10000,OB-GYNS FOR WOMEN'S HEALTH PAC
2006,C00360362,10000,"SCHWAN FOOD COMPANY, INC. POLITICAL ACTION COMMITTEE (SCHWAN PAC), THE"
2006,C00167916,10000,LOCKRIDGE GRINDAL NAUEN POLITICAL FUND
2006,C00296640,10000,REPUBLICAN MAJORITY FUND
2006,C00364596,10000,BATTLE BORN POLITICAL ACTION COMMITTEE
2006,C00062646,10000,GENERAL MILLS POLITICAL ACTION COMMITTEE
2006,C00364737,10000,OHIO'S 17 STAR PAC
2006,C00284885,10000,"HOME DEPOT INC. POLITICAL ACTION COMMITTEE, THE"
2006,C00365551,10000,KPAC
2006,C00368431,10000,SENATE MAJORITY FUND
2006,C00356378,10000,BUCKEYE POLITICAL ACTION COMMITTEE
2006,C00370932,10000,WHITE MOUNTAIN PAC
2006,C00067884,10000,CARGILL INCORPORATED POLITICAL ACTION COMMITTEE
2006,C00067504,10000,SECURITIES INDUSTRY AND FINANCIAL MARKETS ASSOCIATION FUND A
2006,C00376376,10000,"ST. PAUL TRAVELERS COMPANIES INC. POLITICAL ACTION COMMITTEE (STA PAC), THE"
2006,C00064766,10000,UNITED PARCEL SERVICE INC. POLITICAL ACTION COMMITTEE
2006,C00040998,10000,DEALERS ELECTION ACTION COMMITTEE OF THE NATIONAL AUTOMOTIVE DEALERS ASSOCIATION
2006,C00386573,10000,NORTHSTAR LEADERSHIP PAC
2006,C00158980,10000,"SECURITIES INDUSTRY AND FINANCIAL MARKETS ASSOCIATION FUND B, THE"
2006,C00144766,10000,NATIONAL BEER WHOLESALERS ASSOCIATION POLITICAL ACTION COMMITTEE
2006,C00089136,10000,ALTRIA GROUP INC. POLITICAL ACTION COMMITTEE
2006,C00107771,10000,XCEL ENERGY EMPLOYEE POLITICAL ACTION COMMITTEE
2006,C00328468,10000,"COMMITTEE FOR THE PRESERVATION OF CAPITALISM (CPC), THE"
2006,C00126763,10000,NACS POLITICAL ACTION COMMITTEE
2006,C00113811,10000,"ELECTRICAL CONSTRUCTION PAC-NATIONAL ELECTRICAL CONTRACTORS ASSOCIATION, INC (ECPAC)"
2006,C00331827,10000,NORTHERN LIGHTS POLITICAL ACTION COMMITTEE
2006,C00326082,10000,FUND FOR A CONSERVATIVE FUTURE
2006,C00335133,10000,ALLIANCE FOR THE WEST
2006,C00325993,10000,DEFEND AMERICA PAC
2006,C00335448,10000,SOLUTIONS AMERICA PAC
2006,C00325035,10000,FRIENDS OF THE BIG SKY
2006,C00317479,10000,GOOD GOVERNMENT FOR AMERICA COMMITTEE
2006,C00108282,10000,DARDEN RESTAURANTS INC EMPLOYEES GOOD GOVERNMENT FUND (FKA GENERAL MILLS REST INC...FUND)
2006,C00108035,10000,MCKESSON CORPORATION EMPLOYEES POLITICAL FUND
2006,C00107235,10000,PRICEWATERHOUSECOOPERS POLITICAL ACTION COMMITTEE I
2006,C00354308,10000,IMPACT AMERICA
2006,C00104802,10000,NORTHWEST AIRLINES POLITICAL ACTION COMMITTEE
2006,C00344333,10000,"RESTORE AMERICA PAC, INC."
2006,C00306449,10000,AMERICAN ACADEMY OF OTOLARYNGOLOGY - HEAD AND NECK SURGER
2006,C00345629,10000,SANDHILLS POLITICAL ACTION COMMITTEE
2006,C00101485,10000,ECOLAB INC. POLITICAL ACTION COMMITTEE
2006,C00101105,10000,NATIONAL FEDERATION OF INDEPENDENT BUSINESS/ SAVE AMERICAS FREE ENTERPRISE TRUST
2006,C00305805,10000,FREEDOM PROJECT; THE
2006,C00305797,10000,AMERICA'S FOUNDATION
2006,C00040279,10000,ABBOTT LABORATORIES EMPLOYEE POLITICAL ACTION COMMITTEE
2006,C00148031,10000,CATERPILLAR EMPLOYEES POLITICAL ACTION COMMITTEE
2006,C00300483,10000,NEW REPUBLICAN MAJORITY FUND
2006,C00093054,10000,WAL-MART STORES INC. PAC FOR RESPONSIBLE GOVERNMENT
2006,C00186288,10000,VERIZON COMMUNICATION INC GOOD GOVT CLUB
2006,C00328401,10000,"LINCOLN CLUB OF ORANGE COUNTY FEDERAL PAC, THE"
2006,C00387134,10000,DANIEL WEBSTER PAC
2006,C00032698,10000,INDEPENDENT COMMUNITY BANKERS OF AMERICA POLITICAL ACTION COMMITTEE
2006,C00218263,10000,TCF PAC
2006,C00004275,10000,AMERICAN BANKERS ASSOCIATION PAC (BANKPAC)
2006,C00012914,10000,TITLE INDUSTRY POLITICAL ACTION COMMITTEE
2006,C00034132,10000,FLUOR CORPORATION POLITICAL ACTION COMMITTEE (FLUOR PAC)
2006,C00003764,10000,NATIONAL RESTAURANT ASSOCIATION PAC
2006,C00016683,10000,PFIZER INC. PAC
2006,C00390674,10000,FREEDOM FUND
2006,C00250399,10000,AUTOMOTIVE FREE INTERNATIONAL TRADE PAC
2006,C00202861,10000,"SENATE VICTORY FUND PAC, THE"
2006,C00034785,10000,ACPAC ACA INTERNATIONAL POLITICAL ACTION COMMITTEE
2006,C00246306,10000,IPAA WILDCATTERS FUND
2006,C00003418,10000,REPUBLICAN NATIONAL COMMITTEE
2006,C00392134,10000,MAKING BUSINESS EXCEL POLITICAL ACTION COMMITTEE
2006,C00018036,10000,U.S. BANCORP POLITICAL PARTICIPATION PROGRAM
2006,C00211318,10000,DELOITTE & TOUCHE FEDERAL POLITICAL ACTION COMMITTEE
2006,C00002972,10000,ACTION COMMITTEE FOR RURAL ELECTRIFICATION (ACRE) NATIONAL RURAL ELECTRIC COOP. ASSOC.
2006,C00394916,10000,LEADERSHIP CIRCLE POLITICAL ACTION COMMITTEE; THE
2006,C00227744,10000,ERNST & YOUNG POLITICAL ACTION COMMITTEE
2006,C00002881,10000,TRUCKING POLITICAL ACTION COMMITTEE OF THE AMERICAN TRUCKING ASSOCIATIONS INC.
2006,C00034488,10000,ANHEUSER-BUSCH COMPANIES INC. POLITICAL ACTION COMMITTEE
2006,C00012245,10000,UBS AMERICAS FUND FOR BETTER GOVERNMENT
2006,C00035006,10000,CHEVRON EMPLOYEES POLITICAL ACTION COMMITTEE
2006,C00000422,10000,AMERICAN MEDICAL ASSOCIATION POLITICAL ACTION COMMITTEE
2006,C00008474,10000,CITIGROUP INC. POLITICAL ACTION COMMITTEE-FEDERAL (CITIGROUP PAC-FEDERAL)
2006,C00237156,10000,QWEST COMMUNICATIONS INTERNATIONAL INC POLITICAL ACTION COMMITTEE
2006,C00387464,10000,ALAMO PAC
2006,C00409987,10000,FREEDOM & DEMOCRACY FUND
2006,C00409631,10000,LOUISIANA REFORM PAC
2006,C00253153,10000,OSI RESTAURANT PARTNERS INC. POLITICAL ACTION COMMITTEE
2006,C00409003,10000,HEARTLAND VALUES PAC
2006,C00235655,10000,BLUEGRASS COMMITTEE
2006,C00009985,10000,NATIONAL ASSOCIATION OF BROADCASTERS TELEVISION AND RADIO POLITICAL ACTION COMMITTEE
2006,C00010421,10000,ASSOCIATED BUILDERS AND CONTRACTORS PAC
2006,C00010470,10000,UNION PACIFIC CORP. FUND FOR EFFECTIVE GOVERNMENT
2006,C00236489,10000,KOCH INDUSTRIES INC POLITICAL ACTION COMMITTEE (KOCHPAC)
2006,C00408146,10000,POLITICAL HALL OF FAME PAC
2006,C00000901,10000,BUILD POLITICAL ACTION COMMITTEE OF THE NATIONAL ASSOCIATION OF HOME BUILDERS
2006,C00388421,10000,TENN POLITICAL ACTION COMMITTEE INC (TENN PAC)
2006,C00022343,10000,INDEPENDENT INSURANCE AGENTS OF AMERICA POLITICAL ACTION COMMITTEE (INSURPAC)
2004,C00120006,10000,MINNESOTA LIFE INSURANCE COMPANY PAC
2004,C00340661,10000,TEXAS FREEDOM FUND
2004,C00384701,10000,EVERY REPUBLICAN IS CRUCIAL (ERICPAC)
2004,C00110338,10000,AMERICAN CRYSTAL SUGAR COMPANY POLITICAL ACTION COMMITTEE
2004,C00016683,10000,PFIZER INC. PAC
2004,C00336644,10000,AMERICAN SUCCESS POLITICAL ACTION COMMITTEE
2004,C00064766,10000,UNITED PARCEL SERVICE INC. POLITICAL ACTION COMMITTEE
2004,C00364174,10000,TOGETHER FOR OUR MAJORITY POLITICAL ACTION COMMITTEE (TOMPAC)
2004,C00062646,10000,GENERAL MILLS POLITICAL ACTION COMMITTEE
2004,C00307777,10000,FREEDOM CLUB FEDERAL PAC
2004,C00314641,10000,LEADERSHIP PAC 2004
2004,C00370668,10000,AMERICA'S MAJORITY TRUST
2004,C00227744,10000,ERNST & YOUNG POLITICAL ACTION COMMITTEE
2004,C00235655,10000,BLUEGRASS COMMITTEE
2004,C00032698,10000,INDEPENDENT COMMUNITY BANKERS OF AMERICA POLITICAL ACTION COMMITTEE
2004,C00250399,10000,AUTOMOTIVE FREE INTERNATIONAL TRADE PAC
2004,C00376376,10000,"ST. PAUL TRAVELERS COMPANIES INC. POLITICAL ACTION COMMITTEE (STA PAC), THE"
2004,C00040998,10000,DEALERS ELECTION ACTION COMMITTEE OF THE NATIONAL AUTOMOBILE DEALERS ASSOCIATION (NADA)
2004,C00386573,10000,NORTHSTAR LEADERSHIP PAC
2004,C00010470,10000,UNION PACIFIC CORP. FUND FOR EFFECTIVE GOVERNMENT
2004,C00010421,10000,ASSOCIATED BUILDERS AND CONTRACTORS PAC
2004,C00307405,10000,KEEP OUR MAJORITY PAC
2004,C00000422,10000,AMERICAN MEDICAL ASSOCIATION POLITICAL ACTION COMMITTEE
2004,C00098061,10000,TARGETCITIZENS POLITICAL FORUM
2004,C00000901,10000,BUILD POLITICAL ACTION COMMITTEE OF THE NATIONAL ASSOCIATION OF HOME BUILDERS
2004,C00328468,10000,"COMMITTEE FOR THE PRESERVATION OF CAPITALISM (CPC), THE"
2004,C00211318,10000,DELOITTE & TOUCHE FEDERAL POLITICAL ACTION COMMITTEE
2004,C00003764,10000,NATIONAL RESTAURANT ASSOCIATION POLITICAL ACTION         COMMITTEE
2004,C00068692,10000,FEDERAL EXPRESS POLITICAL ACTION COMMITTEE
2004,C00004275,10000,AMERICAN BANKERS ASSOCIATION PAC (BANKPAC)
2004,C00389668,10000,CARE POLITICAL ACTION COMMITTEE
2004,C00104802,10000,NORTHWEST AIRLINES POLITICAL ACTION COMMITTEE
2004,C00107235,10000,PRICEWATERHOUSECOOPERS POLITICAL ACTION COMMITTEE I
2004,C00292946,10000,AMERICANS FOR A REPUBLICAN MAJORITY POLITICAL ACTION COMMITTEE
2004,C00305797,10000,AMERICA'S FOUNDATION FKA FIGHT - PAC
2004,C00376038,10000,HELP AMERICA'S LEADERS POLITICAL ACTION COMMITTEE (HALPAC)
2002,C00307405,10000,KEEP OUR MAJORITY PAC
2002,C00227744,10000,ERNST & YOUNG POLITICAL ACTION COMMITTEE
2002,C00068692,10000,FEDERAL EXPRESS POLITICAL ACTION COMMITTEE (FED EXPAC)
2002,C00067884,10000,"CARGILL, INCORPORATED, POLITICAL ACTION COMMITTEE"
2002,C00064766,10000,UNITED PARCEL SERVICE INC. POLITICAL ACTION COMMITTEE
2002,C00101105,10000,NATIONAL FEDERATION OF INDEPENDENT BUSINESS/ SAVE AMERICA'S FREE ENTERPRISE TRUST
2002,C00211318,10000,DELOITTE & TOUCHE FEDERAL POLITICAL ACTION COMMITTEE
2002,C00107235,10000,PRICEWATERHOUSECOOPERS POLITICAL ACTION COMMITTEE I
2002,C00144766,10000,NATIONAL BEER WHOLESALERS ASSOCIATION POLITICAL ACTION COMMITTEE
2002,C00110338,10000,AMERICAN CRYSTAL SUGAR COMPANY POLITICAL ACTION COMMITTEE
2002,C00314641,10000,LEADERSHIP PAC 2002
2002,C00328468,10000,COMMITTEE FOR THE PRESERVATION OF CAPITALISM
2002,C00280222,10000,KPMG PARTNERS/PRINCIPALS & EMPLOYEES POLITICAL ACTION COMMITTEE
2002,C00117721,10000,CONGRESSIONAL MAJORITY COMMITTEE
2002,C00010421,10000,ASSOCIATED BUILDERS AND CONTRACTORS POLITICAL ACTION COMMITTEE (ABC/PAC)
2002,C00003764,10000,NATIONAL RESTAURANT ASSOCIATION POLITICAL ACTION         COMMITTEE
2002,C00004275,10000,ABA BANKPAC
2000,C00292946,10000,AMERICANS FOR A REPUBLICAN MAJORITY (ARMPAC)
2000,C00305805,10000,FREEDOM PROJECT; THE
2000,C00010421,10000,ASSOCIATED BUILDERS AND CONTRACTORS POLITICAL ACTION COMMITTEE (ABC/PAC)
2000,C00307405,10000,KEEP OUR MAJORITY POLITICAL ACTION COMMITTEE (KOMPAC)
2000,C00144766,10000,NATIONAL BEER WHOLESALERS' ASSOCIATION POLITICAL ACTION COMMITTEE (NBWA PAC)
2006,C00034405,9999,INTERNATIONAL PAPER POLITICAL ACTION COMMITTEE
2002,C00344648,9999,RELY ON YOUR BELIEFS FUND
2006,C00014555,9998,FOOD MARKETING INSTITUTE POLITICAL ACTION COMMITTEE FOODPAC
2004,C00325357,9936,PIONEER POLITICAL ACTION COMMITTEE
2004,C00077321,9917,AMERICAN INSTITUTE OF CERTIFIED PUBLIC ACCOUNTANTS POLITICAL ACTION COMMITTEE
2006,C00105981,9500,INVESTMENT COMPANY INSTITUTE POLITICAL ACTION COMMITTEE (ICI PAC)
2004,C00003418,9500,REPUBLICAN NATIONAL COMMITTEE
2002,C00082917,9500,ASSOCIATED GENERAL CONTRACTORS OF AMERICA POLITICAL ACTION COMMITTEE
2000,C00301366,9500,MAJORITY LEADER'S FUND
2006,C00166348,9450,SOUTHERN MINNESOTA BEET SUGAR COOPERATIVE POLITICAL ACTION COMMITTEE
2002,C00075820,9158,NATIONAL REPUBLICAN CONGRESSIONAL COMMITTEE EXPENDITURES
2006,C00007880,9000,CREDIT UNION LEGISLATIVE ACTION COUNCIL OF CUNA
2006,C00207308,9000,AG PROCESSING INC POLITICAL ACTION COMMITTEE AGPAC
2006,C00042002,9000,R.J. REYNOLDS POLITICAL ACTION COMMITTEE; REYNOLDS AMERICAN INC.
2006,C00235739,9000,BURLINGTON NORTHERN SANTA FE CORPORATION RAILPAC (BNSF RAILPAC)
2006,C00122101,9000,SAFARI CLUB INTERNATIONAL PAC
2006,C00128231,9000,"INTERNATIONAL DAIRY FOODS ASSOCIATION (IDFA) - ICE CREAM, MILK & CHEESE PAC"
2006,C00361956,9000,21ST CENTURY MAJORITY FUND
2004,C00018036,9000,U.S. BANCORP POLITICAL PARTICIPATION PROGRAM
2004,C00144766,9000,NATIONAL BEER WHOLESALERS ASSOCIATION POLITICAL ACTION COMMITTEE
2004,C00280222,9000,KPMG PARTNERS/PRINCIPALS & EMPLOYEES POLITICAL ACTION COMMITTEE
2004,C00067884,9000,"CARGILL, INCORPORATED, POLITICAL ACTION COMMITTEE"
2002,C00007880,9000,CREDIT UNION LEGISLATIVE ACTION COUNCIL OF CUNA
2002,C00089136,9000,PHILIP MORRIS COMPANIES INC. POLITICAL ACTION COMMITTEE (AKA PHILPAC)
2006,C00039578,8816,COUNCIL OF INSURANCE AGENTS
2006,C00250209,8500,ALLIANT TECHSYSTEMS INC EMPLOYEE CITIZENSHIP FUND
2002,C00042002,8500,RJR POLITICAL ACTION COMMITTEE; R. J. REYNOLDS TOBACCO COMPANY
2002,C00104802,8500,NORTHWEST AIRLINES POLITICAL ACTION COMMITTEE (FKA REPUBLIC AIRLINES PAC)
2006,C00082917,8379,ASSOCIATED GENERAL CONTRACTORS OF AMERICA POLITICAL ACTION COMMITTEE
2002,C00014555,8133,FOOD MARKETING INSTITUTE POLITICAL ACTION COMMITTEE FOODPAC
2006,C00204099,8000,DEERE & COMPANY POLITICAL ACTION COMMITTEE (AKA JOHN DEERE PAC)
2006,C00144774,8000,SOUTHERN COMPANY EMPLOYEES PAC
2006,C00255752,8000,AMERICAN SOCIETY OF ANESTHESIOLOGISTS POLITICAL ACTION COMMITTEE
2006,C00340083,8000,DEAN FOODS COMPANY POLITICAL ACTION COMMITTEE
2006,C00193631,8000,FARM CREDIT COUNCIL POLITICAL ACTION COMMITTEE
2006,C00121368,8000,EXXONMOBIL CORPORATION POLITICAL ACTION COMMITTEE (EXXONMOBIL PAC)
2004,C00022343,8000,INDEPENDENT INSURANCE AGENTS OF AMERICA POLITICAL ACTION COMMITTEE (INSURPAC)
2004,C00106146,8000,AMERICAN HOSPITAL ASSOCIATION PAC
2002,C00330464,8000,BAYOU LEADER POLITICAL ACTION COMMITTEE
2002,C00236489,8000,KOCH INDUSTRIES INC POLITICAL ACTION COMMITTEE (KOCHPAC)
2002,C00106146,8000,AMERICAN HOSPITAL ASSOCIATION POLITICAL ACTION COMMITTEE (AHAPAC)
2002,C00030718,8000,NATIONAL ASSOCIATION OF REALTORS POLITICAL ACTION COMMITTEE
2000,C00067884,8000,"CARGILL, INCORPORATED, POLITICAL ACTION COMMITTEE"
2004,C00002881,7999,TRUCKING POLITICAL ACTION COMMITTEE OF THE AMERICAN TRUCKING ASSOCIATIONS INC.
2006,C00095109,7750,ALLIANZ OF AMERICA CORPORATION/FIREMAN'S FUND POLITICAL ACTION COMMTTEE
2006,C00082040,7500,US CHAMBER OF COMMERCE PAC (NCAP)
2006,C00018028,7500,PRINTING INDUSTRIES OF AMERICA
2006,C00412320,7500,MINT POLITICAL ACTION COMMITTEE (MINT PAC)
2004,C00101105,7500,NATIONAL FEDERATION OF INDEPENDENT BUSINESS/ SAVE AMERICA'S FREE ENTERPRISE TRUST
2004,C00067504,7500,SECURITIES INDUSTRY ASSOCIATION POLITICAL ACTION COMMITTEE
2004,C00093054,7500,WAL-MART STORES INC. PAC FOR RESPONSIBLE GOVERNMENT
2004,C00218263,7500,TCF PAC
2004,C00034595,7500,WELLS FARGO AND COMPANY EMPLOYEE PAC (AKA WELLS FARGO EMPLOYEE PAC)
2002,C00330068,7500,PROMOTING REPUBLICANS YOU CAN ELECT PROJECT (PRYCE PROJECT)
2002,C00002972,7500,ACTION COMMITTEE FOR RURAL ELECTRIFICATION (ACRE) NATIONAL RURAL ELECTRIC COOP. ASSOC.
2002,C00002261,7500,FEDERATION OF AMERICAN HOSPITALS PAC (FEDPAC); (FKA AMERICAN HEALTH SYSTEMS PAC)
2006,C00359539,7459,AMERICAN ACADEMY OF DERMATOLOGY ASSOCIATION POLITICAL ACTION COMMITTEE
2006,C00084475,7400,3M COMPANY
2004,C00167916,7250,LOCKRIDGE GRINDAL NAUEN POLITICAL FUND
2002,C00129171,7178,MCCL COMMITTEE FOR A PRO-LIFE CONGRESS
2006,C00283523,7000,DALLAS ENTREPRENEUR POLITICAL ACTION COMMITTEE
2006,C00281212,7000,BAE SYSTEMS INC. POLITICAL ACTION COMMITTEE (BAE SYSTEMS USA PAC)
2006,C00326595,7000,CAPITAL ONE FINANCIAL CORP. ASSOC. POLITICAL  FUND
2006,C00392621,7000,SNOW PAC
2006,C00140061,7000,NATIONAL EMERGENCY MEDICINE POLITICAL ACTION COMMITTEE
2006,C00040568,7000,MARATHON OIL COMPANY EMPLOYEES POLITICAL ACTION COMMITTEE (MEPAC)
2004,C00042002,7000,R.J. REYNOLDS POLITICAL ACTION COMMITTEE; REYNOLDS AMERICAN INC.
2004,C00005249,7000,NATIONAL ASSOCIATION OF INSURANCE AND FINANCIAL ADVISORS POLITICAL ACTION COMMITTEE
2004,C00007880,7000,CREDIT UNION LEGISLATIVE ACTION COUNCIL OF CUNA
2004,C00002972,7000,ACTION COMMITTEE FOR RURAL ELECTRIFICATION (ACRE) NATIONAL RURAL ELECTRIC COOP. ASSOC.
2004,C00236489,7000,KOCH INDUSTRIES INC POLITICAL ACTION COMMITTEE (KOCHPAC)
2004,C00113811,7000,"ELECTRICAL CONSTRUCTION PAC-NATIONAL ELECTRICAL CONTRACTORS ASSOCIATION, INC (ECPAC)"
2002,C00301366,7000,FREEDOM WORKS PAC
2002,C00010470,7000,UNION PACIFIC CORP FUND FOR EFFECTIVE GOVERNMENT
2002,C00315275,6714,REFORM PAC
2006,C00097550,6500,WASHINGTON GROUP INTERNATIONAL POLITICAL ACTION COMMITTEE
2006,C00229203,6500,"CHUBB CORPORATION POLITICAL ACTION COMMITTEE-CHUBBPAC, THE"
2004,C00150367,6500,VENTUREPAC
2002,C00009423,6500,LAND O'LAKES INC/AGRILIANCE LLC PAC (LOL PAC) FKA LAND O'LAKE INC PAC
2002,C00107771,6250,XCEL ENERGY EMPLOYEE POLITICAL ACTION COMMITTEE
2000,C70000716,6210,NATIONAL RIFLE ASSOCIATION (INSTITUTE FOR LEGISLATIVE ACTION)
2004,C70000716,6204,NATIONAL RIFLE ASSOCIATION (INSTITUTE FOR LEGISLATIVE ACTION)
2004,C00034132,6063,FLUOR CORPORATION PUBLIC AFFAIRS COMMITTEE
2006,C00253971,6000,FRIENDS OF PHIL GRAMM PAC
2006,C00039321,6000,PEPSICO INC. CONCERNED CITIZENS FUND
2006,C00066472,6000,PROPERTY CASUALTY INSURERS ASSOCIATION OF AMERICA POLITICAL ACTION COMMITTEE  (PCIPAC)
2006,C00109819,6000,COALPAC A POLITICAL ACTION COMMITTEE OF THE NATIONAL MINING ASSOCIATION
2006,C00387720,6000,US-CUBA DEMOCRACY POLITICAL ACTION COMMITTEE
2006,C00388934,6000,FUND FOR AMERICA'S FUTURE
2006,C00038604,6000,AMERICAN FINANCIAL SERVICES ASSOCIATION PAC
2006,C00068692,6000,FEDERAL EXPRESS POLITICAL ACTION COMMITTEE
2004,C00121368,6000,EXXONMOBIL CORPORATION POLITICAL ACTION COMMITTEE (EXXONMOBIL PAC)
2004,C00227546,6000,MICROSOFT CORPORATION POLITICAL ACTION COMMITTEE
2004,C00237156,6000,QWEST COMMUNICATIONS INTERNATIONAL INC POLITICAL ACTION COMMITTEE
2004,C00370791,6000,MAJORITY INITIATIVE TO KEEP ELECTING REPUBLICANS FUND
2004,C00030718,6000,NATIONAL ASSOCIATION OF REALTORS POLITICAL ACTION COMMITTEE
2002,C00121368,6000,EXXON MOBIL CORPORATION POLITICAL ACTION COMMITTEE (EXXONMOBIL PAC)
2002,C00018945,6000,DORSEY NATIONAL FUND
2006,C00095869,5757,POWERPAC OF THE EDISON ELECTRIC INSTITUTE
2006,C00076182,5500,NATIONAL TURKEY FEDERATION POLITICAL ACTION COMMITEE/TURPAC
2006,C00181826,5500,AETNA INC. POLITICAL ACTION COMMITTEE
2004,C00356915,5500,METRIS COMPANIES INC. POLITICAL ACTION COMMITTEE
2004,C00034785,5500,AMERICAN COLLECTORS ASSOCIATION INC (ACPAC)
2002,C00346536,5500,CLUB FOR GROWTH INC PAC
2006,C00151340,5000,DLA PIPER US LLP POLITICAL ACTION COMMITTEE (DLA PIPER PAC)
2006,C00314641,5000,LEADERSHIP PAC 2006
2006,C00311878,5000,MEDTRONIC INC. MEDICAL TECHNOLOGY FUND
2006,C00219642,5000,ENTERPRISE RENT-A-CAR COMPANY POLITICAL ACTION COMMITTEE
2006,C00307405,5000,KEEP OUR MAJORITY PAC
2006,C00243220,5000,SUPERVALU INC POLITICAL ACTION COMMITTEE
2006,C00245548,5000,NATIONAL MARINE MANUFACTURERS ASSOCIATION POLITICAL ACTION COMMITTEE
2006,C00150995,5000,NATIONAL PAC INC A/K/A NATPAC
2006,C00250134,5000,COCA-COLA ENTERPRISES INC EMPLOYEES PAC
2006,C00295527,5000,CITIZENS UNITED POLITICAL VICTORY FUND
2006,C00293910,5000,AMERICAN ASSOCIATION OF ORTHODONTISTS POLITICAL ACTION COMMITTEE
2006,C00196246,5000,AMERICAN ACADEMY OF OPHTHALMOLOGY INC POLITICAL COMMITTEE (OPHTHPAC)
2006,C00283135,5000,NATIONAL ASSOCIATION OF HEALTH UNDERWRITERS PAC (HUPAC)
2006,C00279497,5000,POLARIS INDUSTRIES INC POLITICAL PARTICIPATION PROGRAM
2006,C00174227,5000,BAKER & HOSTETLER POLITICAL ACTION COMMITTEE
2006,C00257329,5000,"PROCTER & GAMBLE COMPANY GOOD GOVERNMENT COMMITTEE (AKA P&G PAC), THE"
2006,C00000042,5000,ILLINOIS TOOL WORKS FOR BETTER GOVERNMENT COMMITTEE
2006,C00351197,5000,AMERICAN SOCIETY OF INTERVENTIONAL PAIN PHYSICIAN PAC
2006,C00235572,5000,ORRINPAC
2006,C00349746,5000,CALIFORNIA DAIRIES INC FEDERAL POLITICAL ACTION COMMITTEE
2006,C00012518,5000,WACHOVIA CORPORATION EMPLOYEES GOOD GOVERNMENT FEDERAL FUND I
2006,C00040535,5000,AMERICAN EXPRESS COMPANY POLITICAL ACTION COMMITTEE (AXPPAC)
2006,C00096156,5000,HONEYWELL INTERNATIONAL POLITICAL ACTION COMMITTEE
2006,C00404418,5000,STAND TALL AMERICA PAC (STAPAC)
2006,C00024281,5000,AMERICAN MEAT INSTITUTE POLITICAL ACTION COMMITTEE
2006,C00391797,5000,DIRIGO PAC
2006,C00356915,5000,METRIS COMPANIES INC. POLITICAL ACTION COMMITTEE
2006,C00390997,5000,OVERNITE CORPORATION EMPLOYEE PAC (AKA OVERNITE EMPLOYEE PAC)
2006,C00082271,5000,PRECISION METALFORMING ASSOCIATION VOICE OF THE INDUSTRY COMMITTEE (PMAVIC)
2006,C00076810,5000,GENERAL MOTORS CORPORATION POLITICAL ACTION COMMITTEE (GM PAC)
2006,C00030718,5000,NATIONAL ASSOCIATION OF REALTORS POLITICAL ACTION COMMITTEE
2006,C00033555,5000,FLOWERS INDUSTRIES INC POLITICAL ACTION COMMITTEE
2006,C00120006,5000,MINNESOTA LIFE INSURANCE COMPANY PAC
2006,C00381475,5000,SOLVAY PHARMACEUTICALS INC BETTER GOVERNMENT COMMITTEE
2006,C00039016,5000,CLEVELAND-CLIFFS INC POLITICAL ACTION COMMITTEE (CLIFFSPAC)
2006,C00040329,5000,NATIONAL RETAIL FEDERATION RETAILPAC
2006,C00383869,5000,PRESERVING AMERICA'S TRADITIONS (PATPAC)
2006,C00350462,5000,CONTINUING A MAJORITY PARTY ACTION COMMITTEE       (CAMPAC)
2006,C00384701,5000,EVERY REPUBLICAN IS CRUCIAL (ERICPAC)
2006,C00408260,5000,GRANT THORNTON LLP POLITICAL ACTION COMMITTEE LLC
2006,C00329425,5000,NATIONAL FRANCHISEE ASSOCIATION PAC (NFA-PAC)
2006,C00345132,5000,REPUBLICAN JEWISH COALITION-POLITICAL ACTION COMMITTEE (RJC-PAC)
2006,C00410357,5000,KITPAC
2006,C00000729,5000,AMERICAN DENTAL POLITICAL ACTION CMTE.
2006,C00113803,5000,AMERICAN OSTEOPATHIC INFORMATION ASSOCIATION - OSTEOPATHIC POLITICAL ACTION COMMITTEE
2006,C00343277,5000,PETE'S POLITICAL ACTION COMMITTEE
2006,C00106146,5000,AMERICAN HOSPITAL ASSOCIATION PAC
2006,C00413245,5000,STRAIGHT TALK AMERICA
2006,C00341743,5000,VOLUNTEER PAC
2006,C00109017,5000,AT&T INC. FEDERAL POLITICAL ACTION COMMITTEE (AT&T FEDERAL PAC)
2006,C00110338,5000,AMERICAN CRYSTAL SUGAR COMPANY POLITICAL ACTION COMMITTEE
2006,C00348359,5000,NATIONAL CONSERVATIVE CAMPAIGN FUND
2006,C00410985,5000,MURRAY ENERGY CORPORATION POLITICAL ACTION COMMITTEE
2004,C00315747,5000,21ST CENTURY PAC
2004,C00331835,5000,SALLIE MAE INC POLITICAL ACTION COMMITTEE (SALLIE MAE PAC)
2004,C00231407,5000,GOLDEN RULE FINANCIAL CORPORATION - POLITICAL ACTION COMMITTEE
2004,C00084475,5000,3M COMPANY
2004,C00269407,5000,FUTURE LEADERS PAC
2004,C00393520,5000,FEDERAL NATIONAL MORTGAGE ASSOCIATION POLTICAL ACTION COMMITTEE AKA FANNIE MAE PAC
2004,C00360362,5000,"SCHWAN FOOD COMPANY, INC. POLITICAL ACTION COMMITTEE (SCHWAN PAC), THE"
2004,C00087874,5000,CONAGRA FOODS GOOD GOVERNMENT ASSOCIATION
2004,C00325076,5000,CAMPAIGN FOR WORKING FAMILIES
2004,C00014555,5000,FOOD MARKETING INSTITUTE POLITICAL ACTION COMMITTEE FOODPAC
2004,C00387670,5000,RICH POLITICAL ACTION COMMITTEE
2004,C00010082,5000,NATIONAL CABLE AND TELECOMMUNICATIONS ASSOCIATION POLITICAL ACTION COMMITTEE (NCTA PAC)
2004,C00369090,5000,WENDY'S INTERNATIONAL INC. POLITICAL ACTION COMMITTEE
2004,C00126763,5000,NACS POLITICAL ACTION COMMITTEE
2004,C00377028,5000,BACK AMERICA'S CONSERVATIVES PAC (BAC PAC)
2004,C00117721,5000,CONGRESSIONAL MAJORITY COMMITTEE
2004,C00365171,5000,NUCLEAR MANAGEMENT COMPANY POLITICAL ACTION COMMITTEE (NMCPAC)
2004,C00148031,5000,CATERPILLAR EMPLOYEES POLITICAL ACTION COMMITTEE
2004,C00344648,5000,RELY ON YOUR BELIEFS FUND
2004,C00024281,5000,AMERICAN MEAT INSTITUTE POLITICAL ACTION COMMITTEE
2004,C00018945,5000,DORSEY NATIONAL FUND
2004,C00131185,5000,AIRCRAFT OWNERS AND PILOTS ASSOCIATION POLITICAL ACTION COMMITTEE
2004,C00012914,5000,TITLE INDUSTRY POLITICAL ACTION COMMITTEE
2004,C00166348,5000,SOUTHERN MINNESOTA SUGAR COOPERATIVE POLITICAL ACTION COMMITTEE
2004,C00311878,5000,MEDTRONIC INC. MEDICAL TECHNOLOGY FUND
2002,C00355271,5000,FEDERAL VICTORY FUND
2002,C00076182,5000,NATIONAL TURKEY FEDERATION POLITICAL ACTION COMMITEE/TURPAC
2002,C00120006,5000,MINNESOTA LIFE INSURANCE COMPANY PAC
2002,C00113811,5000,"ELECTRICAL CONSTRUCTION PAC-NATIONAL ELECTRICAL CONTRACTORS ASSOCIATION, INC (ECPAC)"
2002,C00325357,5000,PIONEER POLITICAL ACTION COMMITTEE
2002,C00186288,5000,VERIZON COMMUNICATIONS INC GOOD GOVERNMENT CLUB (FKA BELL ATLANTIC CORPORATION PAC)
2002,C00370668,5000,AMERICA'S MAJORITY TRUST
2002,C00207308,5000,"AG PROCESSING INC POLITICAL ACTION COMMITTEE, AGPAC"
2002,C00087874,5000,CONAGRA FOODS GOOD GOVERNMENT ASSOCIATION
2002,C00148031,5000,CATERPILLAR EMPLOYEES POLITICAL ACTION COMMITTEE
2002,C00336644,5000,AMERICAN SUCCESS POLITICAL ACTION COMMITTEE
2002,C00377028,5000,BACK AMERICA'S CONSERVATIVES PAC (BAC PAC)
2002,C00098061,5000,TARGETCITIZENS POLITICAL FORUM
2002,C00131185,5000,AIRCRAFT OWNERS AND PILOTS ASSOCIATION POLITICAL ACTION COMMITTEE
2002,C00356915,5000,METRIS COMPANIES INC. POLITICAL ACTION COMMITTEE
2002,C00292946,5000,AMERICANS FOR A REPUBLICAN MAJORITY (ARMPAC)
2002,C00093963,5000,ARCHER DANIELS MIDLAND COMPANY-ADM PAC
2002,C00150367,5000,VENTUREPAC
2000,C00001313,5000,REPUBLICAN PARTY OF MINNESOTA
2000,C00328468,5000,COMMITTEE FOR THE PRESERVATION OF CAPITALISM
2000,C00082917,5000,ASSOCIATED GENERAL CONTRACTORS OF AMERICA POLITICAL ACTION COMMITTEE
2000,C00250399,5000,AMERICANS FOR FREE INTERNATIONAL TRADE POLITICAL ACTION COMMITTEE INC
2000,C00003764,5000,NATIONAL RESTAURANT ASSOCIATION POLITICAL ACTION         COMMITTEE
2000,C00010470,5000,UNION PACIFIC CORP FUND FOR EFFECTIVE GOVERNMENT
2004,C00332296,4899,SUSAN B ANTHONY LIST CANDIDATE FUND
2002,C00167916,4750,LOCKRIDGE GRINDAL NAUEN POLITICAL FUND
2006,C00109546,4500,VALERO ENERGY CORPORATION POLITICAL ACTION COMMITTEE
2006,C00271007,4500,HUMANA INC. POLITICAL ACTION COMMITTEE
2006,C00029348,4500,AMERICAN FOREST & PAPER ASSOCIATION POLITICAL ACTION COMMITTEE
2006,C00321158,4500,SALEM COMMUNICATIONS CORPORATION POLITICAL ACTION COMMITTEE
2006,C00185694,4500,ASSURANT INC. POLITICAL ACTION COMMITTEE
2006,C00279455,4500,ZENECA INC. POLITICAL ACTION COMMITTEE
2004,C00107771,4500,XCEL ENERGY EMPLOYEE POLITICAL ACTION COMMITTEE (XPAC)
2004,C00128512,4500,J. P. MORGAN CHASE & CO. PAC
2004,C00199703,4500,SMITHKLINE BEECHAM CORPORATION POLITICAL ACTION COMMITTEE (GLAXOSMITHKLINE PAC)
2004,C00366120,4500,AMERICAN LIBERTY POLITICAL ACTION COMMITTEE
2002,C00227546,4500,MICROSOFT CORPORATION POLITICAL ACTION COMMITTEE
2002,C00126763,4500,NACS POLITICAL ACTION COMMITTEE
2002,C00365171,4500,NUCLEAR MANAGEMENT COMPANY POLITICAL ACTION COMMITTEE (NMCPAC)
2002,C00360362,4500,"SCHWAN'S  SALES ENTERPRISES, INC. POLITICAL ACTION COMMITTEE (SCHWAN'S PAC)"
2002,C00109017,4500,SBC COMMUNICATIONS INC. EMPLOYEE FEDERAL POLITICAL ACTION COMMITTEE (SBC EMPAC)
2002,C00101485,4500,ECOLAB INC POLITICAL ACTION COMMITTEE
2004,C00034272,4398,NATIONAL CHICKEN COUNCIL POLITICAL ACTION COMMITTEE (FKA) NATIONAL BROILER COUNCIL PAC
2006,C00201871,4200,NATIONAL PORK PRODUCERS COUNCIL PORK PAC
2006,C00410316,4200,MONEYGRAM INTERNATIONAL INC GOOD GOVERNMENT FUND
2006,C00405076,4200,BEST BUY CO INC EMPLOYEE POLITICAL FORUM
2000,C00218263,4200,TCF PAC
2006,C00390526,4142,HOME SCHOOL LEGAL DEFENSE ASSOCIATION FEDERAL POLITICAL ACTION COMMITTEE
2004,C00001727,4055,BUSINESS INDUSTRY POLITICAL ACTION COMMITTEE
2002,C00001727,4039,BUSINESS INDUSTRY POLITICAL ACTION COMMITTEE
2006,C00413070,4000,TRUTH ACCOUNTABILITY AND COURAGE POLITICAL ACTION COMMITTEE (TACPAC)
2006,C00034272,4000,NATIONAL CHICKEN COUNCIL POLITICAL ACTION COMMITTEE (FKA) NATIONAL BROILER COUNCIL PAC
2006,C00404194,4000,GENWORTH FINANCIAL INC POLITICAL ACTION COMMITTEE GENWORTHPAC
2006,C00236778,4000,OWNER-OPERATOR INDEPENDENT DRIVERS ASSN INC POLITICAL ACTION COMMITTEE (AKA OOIDA-PAC)
2006,C00121319,4000,THRIVENT FINANCIAL FOR LUTHERANS - EMPLOYEE POLITICAL ACTION COMMITTEE
2006,C00059733,4000,BROWN-FORMAN CORPORATION NON-PARTISAN COMMITTEE FOR RESPONSIBLE GOVERNMENT
2006,C00235036,4000,ZURICH HOLDING COMPANY OF AMERICA COMMITTEE FOR GOOD GOVERNMENT (Z-PAC)
2006,C00087874,4000,CONAGRA FOODS GOOD GOVERNMENT ASSOCIATION
2006,C00266536,4000,PHILLIPS INTERNATIONAL INC POLITICAL ACTION COMMITTEE
2006,C00331835,4000,SALLIE MAE INC POLITICAL ACTION COMMITTEE (SALLIE MAE PAC)
2006,C00375360,4000,AMERICAN COLLEGE OF CARDIOLOGY POLITICAL ACTION COMMITTEE
2006,C00344648,4000,RELY ON YOUR BELIEFS FUND
2006,C00168864,4000,HARTFORD FINANCIAL SERVICES GROUP INC ADVOCATES FUND FKA (HARTFORD ADVOCATES FUND)
2006,C00099937,4000,COOPER INDUSTRIES POLITICAL ACTION COMMITTEE
2006,C00364778,4000,BANK OF AMERICA CORPORATION FEDERAL POLITICAL ACTION COMMITTEE
2006,C00304634,4000,MINEPAC A POLITICAL ACTION COMMITTEE OF THE NATIONAL MINING ASSOCIATION
2006,C00300376,4000,DOCTORS' COMPANY FEDERAL PAC (DOCPAC) ; THE
2006,C00383521,4000,INTERNATIONAL FOODSERVICE DISTRIBUTORS ASSOCIATION POLITICAL ACTION COMMITTEE (IFDA PAC)
2004,C00193177,4000,FINANCIAL SERVICES ROUNDTABLE PAC
2004,C00040535,4000,AMERICAN EXPRESS COMPANY POLITICAL ACTION COMMITTEE (AXPPAC)
2004,C00109017,4000,SBC COMMUNICATIONS INC. EMPLOYEE FEDERAL POLITICAL ACTION COMMITTEE (SBC EMPAC)
2004,C00114025,4000,NATIONAL READY MIXED CONCRETE ASSN. PAC (CONCRETEPAC)
2004,C00274431,4000,UNITEDHEALTH GROUP INCORPORATED POLITICAL FUND
2004,C00121319,4000,THRIVENT FINANCIAL FOR LUTHERANS-EMPLOYEE POLITICAL ACTION COMMITTEE
2004,C00345744,4000,WISCONSIN LEADERSHIP PAC
2004,C00398750,4000,NEW PAC
2004,C00235739,4000,BURLINGTON NORTHERN SANTA FE CORPORATION RAILPAC (BNSF RAILPAC)
2004,C00101485,4000,ECOLAB INC POLITICAL ACTION COMMITTEE
2004,C00193631,4000,FARM CREDIT COUNCIL POLITICAL ACTION COMMITTEE
2004,C00158980,4000,THE BOND MARKET ASSOCIATION POLITICAL ACTION COMMITTEE
2004,C00008474,4000,CITIGROUP INC. POLITICAL ACTION COMMITTEE-FEDERAL (CITIGROUP PAC-FEDERAL)
2004,C00089458,4000,NATIONAL STONE SAND & GRAVEL ASSOCIATION ROCKPAC
2004,C00095109,4000,ALLIANZ LIFE INSURANCE CO/FIREMAN'S FUND INSURANCE CO PAC(ALLIANZ LIFE/FIREMAN'S FUND PAC)
2002,C00100693,4000,CHICAGO BOARD OF OPTIONS EXCHANGE INC PAC
2002,C00345967,4000,OTTER FOR IDAHO
2002,C00174060,4000,BELLSOUTH CORPORATION EMPLOYEES' FEDERAL POLITICAL ACTION COMMITTEE
2002,C00082040,4000,US CHAMBER OF COMMERCE PAC (NCAP)
2002,C00311878,4000,"MEDTRONIC, INC. MEDICAL TECHNOLOGY FUND"
2002,C00018028,4000,PRINTING INDUSTRIES OF AMERICA
2002,C00034595,4000,WELLS FARGO EMPLOYEE PAC
2002,C00024281,4000,AMERICAN MEAT INSTITUTE POLITICAL ACTION COMMITTEE
2000,C00325357,3940,PIONEER POLITICAL ACTION COMMITTEE
2006,C00045781,3800,OUTDOOR ADVERTISING ASSOCIATION OF AMERICA POLITICAL ACTION COMMITTEE
2006,C00064774,3750,FPL PAC FLORIDA POWER & LIGHT CO EMPLOYEES POLITICAL ACTION COMMITTEE
2006,C00161604,3500,COOPERATIVE OF AMERICAN PHYSICIANS - MUTUAL PROTECTION TRUST (CAP-MPT) FEDERAL PAC
2006,C00089458,3500,NATIONAL STONE SAND & GRAVEL ASSOCIATION ROCKPAC
2006,C00079855,3500,BOWLING PROPRIETORS ASSN OF AMERICA PAC
2006,C00033423,3500,HSBC NORTH AMERICA POLITICAL ACTION COMMITTEE (H-PAC)
2002,C00000729,3500,AMERICAN DENTAL POLITICAL ACTION CMTE.
2002,C00250399,3500,AUTOMOTIVE FREE INTERNATIONAL TRADE PAC
2002,C00345199,3500,MIDNIGHT SUN POLITICAL ACTION COMMITTEE
2002,C00193631,3500,FARM CREDIT COUNCIL POLITICAL ACTION COMMITTEE
2002,C00364174,3500,TOGETHER FOR OUR MAJORITY POLITICAL ACTION COMMITTEE
2002,C00010082,3500,NATIONAL CABLE AND TELECOMMUNICATIONS ASSOCIATION POLITICAL ACTION COMMITTEE (NCTA PAC)
2000,C00356840,3500,AMERICANS FOR LAW AND LIBERTY (ALLPAC)
2006,C00001727,3186,BUSINESS INDUSTRY POLITICAL ACTION COMMITTEE
2004,C00147066,3178,AMERICAN COUNCIL OF LIFE INSURERS PAC
2006,C00297085,3000,EASTMAN KODAK COMPANY EMPLOYEE POLITICAL ACTION COMMITTEE
2006,C00343459,3000,AMERICAN COLLEGE OF RADIOLOGY ASSOCIATION
2006,C00330076,3000,BAE SYSTEMS UNITED DEFENSE EMPLOYEES PAC
2006,C00332031,3000,INDEPENDENT ELECTRICAL CONTRACTORS INC PAC (IEC PRIDE PAC)
2006,C00336040,3000,H.J. HEINZ COMPANY POLITICAL ACTION COMMITTEE
2006,C00251447,3000,I.P.H.F.H.A. INC. POLITICAL ACTION COMMITTEE INC.
2006,C00307769,3000,GUIDANT CORPORATION PAC
2006,C00398750,3000,NEW PAC
2006,C00350744,3000,"GOLDMAN SACHS GROUP INC. POLITICAL ACTION COMMITTEE, THE"
2006,C00358440,3000,BALCH AND BINGHAM LLP FEDERAL POLITICAL COMMITTEE
2006,C00250068,3000,GROCERY MANUFACTURERS ASSOCIATION POLITICAL ACTION COMMITTEE ('GMA PAC')
2006,C00403022,3000,THE COMMONWEALTH PAC
2006,C00225342,3000,MCGUIREWOODS LLP
2006,C00157875,3000,NATIONAL ASSOCIATION OF PLUMBING-HEATING-COOLING CONTRACTORS PAC AKA PHCC-PAC
2006,C00009423,3000,LAND O'LAKES INC/AGRILIANCE LLC PAC (LOL PAC) FKA LAND O'LAKE INC PAC
2006,C00083535,3000,DUKE ENERGY CORPORATION PAC
2006,C00088591,3000,EMPLOYEES OF NORTHROP GRUMMAN CORPORATION PAC
2006,C00216127,3000,SONNENSCHEIN NATH & ROSENTHAL LLP POLITICAL ACTION COMMITTEE (SONNENSCHEIN PAC)
2006,C00164145,3000,UNITED SERVICES AUTOMOBILE ASSOCIATION EMPLOYEE PAC - USAA EMPLOYEE PAC
2006,C00144311,3000,FEDERATED DEPARTMENT STORES INC. POLITICAL ACTION COMMITTEE (FDS-PAC)
2006,C00025346,3000,SUN PAC
2006,C00138560,3000,WASHINGTON POLITICAL ACTION COMMITTEE
2006,C00232843,3000,FINANCIAL SERVICE CENTERS OF AMERICA INC.
2006,C00005660,3000,AMERICAN ASSOCIATION OF ORAL AND MAXILLOFACIAL SURGEONS POLITICAL ACTION COMMITTEE
2004,C00122101,3000,SAFARI CLUB INTERNATIONAL POLITICAL ACTION COMMITTEE
2004,C00236778,3000,OWNER-OPERATOR INDEPENDENT DRIVERS ASSN INC POLITICAL ACTION COMMITTEE (AKA OOIDA-PAC)
2004,C00039321,3000,PEPSICO INC. CONCERNED CITIZENS FUND
2004,C00207308,3000,"AG PROCESSING INC POLITICAL ACTION COMMITTEE, AGPAC"
2004,C00337626,3000,MORGAN STANLEY POLITICAL ACTION COMMITTEE
2004,C00284885,3000,"HOME DEPOT INC. BETTER GOVERNMENT COMMITTEE, THE"
2004,C00168070,3000,AMERICAN AMBULANCE ASSOCIATION FEDERAL PAC (AKA AMBU-PAC)
2004,C00034157,3000,AFLAC INCORPORATED POLITICAL ACTION COMMITTEE AFLACPAC
2004,C00235036,3000,ZURICH HOLDING COMPANY OF AMERICA COMMITTEE FOR GOOD GOVERNMENT (Z-PAC)
2004,C00009423,3000,LAND O'LAKES INC/AGRILIANCE LLC PAC (LOL PAC) FKA LAND O'LAKE INC PAC
2004,C00248716,3000,COMCAST CORP. POLITICAL ACTION COMMITTEE
2004,C00368696,3000,RESPONSIBILITY AND FREEDOM WORK PAC (RFWPAC)
2004,C00088591,3000,EMPLOYEES OF NORTHROP GRUMMAN CORPORATION PAC
2004,C00043489,3000,BANK OF AMERICA CORPORATION STATE AND FEDERAL POLITICAL ACTION COMMITTEE
2004,C00059733,3000,BROWN-FORMAN CORPORATION NON-PARTISAN COMMITTEE FOR RESPONSIBLE GOVERNMENT
2004,C00100693,3000,CHICAGO BOARD OF OPTIONS EXCHANGE INC PAC
2004,C00345199,3000,MIDNIGHT SUN POLITICAL ACTION COMMITTEE
2004,C00108035,3000,MCKESSON CORPORATION EMPLOYEES POLITICAL FUND
2004,C00105981,3000,INVESTMENT COMPANY INSTITUTE POLITICAL ACTION COMMITTEE (ICI PAC)
2004,C00082271,3000,PRECISION METALFORMING ASSOCIATION VOICE OF THE INDUSTRY COMMITTEE (PMAVIC)
2004,C00120030,3000,SOCIETY OF INDEPENDENT GASOLINE MARKETERS OF AMERICA
2002,C00034272,3000,NATIONAL CHICKEN COUNCIL POLITICAL ACTION COMMITTEE (FKA) NATIONAL BROILER COUNCIL PAC
2002,C00340661,3000,TEXAS FREEDOM FUND
2002,C00141218,3000,EXELON CORPORATION POLITICAL ACTION COMMITTEE (EXELONPAC)
2002,C00075994,3000,ASHLAND INC. POLITICAL ACTION COMMITTEE FOR EMPLOYEES ('PACE')
2002,C00255752,3000,AMERICAN SOCIETY OF ANESTHESIOLOGISTS INCORPORATED POLITICAL ACTION COMMITTEE
2002,C00002881,3000,TRUCKING POLITICAL ACTION COMMITTEE OF THE AMERICAN TRUCKING ASSOCIATIONS' INC
2002,C00121319,3000,THRIVENT FINANCIAL FOR LUTHERANS-EMPLOYEE POLITICAL ACTION COMMITTEE
2002,C00251447,3000,IPHFHA INC POLITICAL ACTION COMMITTEE INC
2002,C00034405,3000,INTERNATIONAL PAPER POLITICAL ACTION COMMITTEE
2002,C00255406,3000,REPUBLICAN NATIONAL COALITION FOR LIFE POLITICAL ACTION COMMITTEE (RNC/LIFE PAC)
2002,C00325969,3000,FLORIDA REPUBLICAN LEADERSHIP PAC
2002,C00039578,3000,COUNCIL OF INSURANCE AGENTS & BROKERS POLITICAL ACTION COMMITTEE; THE
2002,C00196246,3000,"AMERICAN ACADEMY OF OPHTHALMOLOGY INC POLITICAL COMMITTEE (""OPHTHPAC"")"
2002,C00317511,3000,SUPERIOR CALIFORNIA FEDERAL LEADERSHIP FUND
2002,C00253153,3000,OUTBACK STEAKHOUSE INC POLITICAL ACTION COMMITTEE
2000,C00122101,3000,SAFARI CLUB INTERNATIONAL POLITICAL ACTION COMMITTEE
2000,C00101105,3000,NATIONAL FEDERATION OF INDEPENDENT BUSINESS/ SAVE AMERICA'S FREE ENTERPRISE TRUST
2000,C00286583,3000,MINNESOTA COMMITTEE FOR THE REPUBLICAN CONGRESS
2006,C70003298,2901,NATIONAL RIGHT TO LIFE COMMITTEE
2002,C00305029,2750,ST JUDE MEDICAL INC POLITICAL ACTION COMMITTEE
2004,C00246306,2559,IPAA WILDCATTERS FUND
2006,C00251876,2500,AMGEN INC. POLITICAL ACTION COMMITTEE
2006,C00296657,2500,OHIO FINANCIAL SERVICES POLITICAL ACTION COMMITTEE
2006,C00108290,2500,SCHERING-PLOUGH CORPORATION BETTER GOVERNMENT FUND
2006,C00109306,2500,WHOLESALER-DISTRIBUTOR PAC OF THE NATIONAL ASSOCIATION OF WHOLESALE-DISTRIBUTORS
2006,C00142711,2500,BOEING POLITICAL ACTION COMMITTEE
2006,C00342972,2500,AMERICAN ACADEMY OF AUDIOLOGY INC. PAC
2006,C00170258,2500,NAMIC PAC
2006,C00363945,2500,SYNGENTA CORPORATION EMPLOYEE  POLITICAL ACTION COMMITTEE (SYNGENTA PAC)
2006,C00174060,2500,BELLSOUTH CORPORATION EMPLOYEES' FEDERAL POLITICAL ACTION COMMITTEE
2006,C00042895,2500,PENNEYPAC - J.C.PENNEY CORP. INC. POLITICAL ACTION COMMITTEE
2006,C00035451,2500,AIR LINE PILOTS ASSOCIATION PAC
2006,C00255406,2500,REPUBLICAN NATIONAL COALITION FOR LIFE POLITICAL ACTION COMMITTEE (RNC/LIFE PAC)
2006,C00141747,2500,FRIENDS OF ISRAEL POLITICAL ACTION COMMITTEE - FRIPAC
2006,C00368571,2500,ADVANCE THE MAJORITY POLITICAL ACTION COMMITTEE
2006,C00215491,2500,FAEGRE AND BENSON PROFESSIONAL LIMITED LIABILITY PARTNERSHIP FEDERAL POLITICAL COMMITTEE
2006,C00016386,2500,AMERICAN BAKERS ASSOCIATION AMERICAN BAKERS POLITICAL ACTION COMMITTEE
2006,C00005249,2500,NATIONAL ASSOCIATION OF INSURANCE AND FINANCIAL ADVISORS POLITICAL ACTION COMMITTEE
2006,C00010124,2500,ASSOCIATED EQUIPMENT DISTRIBUTORS POLITICAL ACTION COMMITTEE
2006,C00010983,2500,JOHNSON & JOHNSON POLITICAL ACTION COMMITTEE
2006,C00325647,2500,FIRST COMMAND POLITICAL ACTION COMMITTEE
2004,C00034488,2500,ANHEUSER-BUSCH COMPANIES INC POLITICAL ACTION COMMITTEE (AB-PAC)
2004,C00029447,2500,INTERNATIONAL ASSOCIATION OF FIREFIGHTERS INTERESTED IN REGISTRATION AND EDUCATION PAC
2004,C00035451,2500,AIR LINE PILOTS ASSOCIATION PAC
2004,C00355271,2500,FEDERAL VICTORY FUND
2004,C00363770,2500,"PEOPLE FOR ENTERPRISE, TRADE, AND ECONOMIC GROWTH (PETE PAC)"
2004,C00000729,2500,AMERICAN DENTAL POLITICAL ACTION CMTE.
2004,C00300483,2500,NEW REPUBLICAN MAJORITY FUND
2004,C00043463,2500,MANUFACTURED HOUSING INSTITUTE POLITICAL ACTION COMMITTEE (MHI PAC)
2004,C00164939,2500,MINN-DAK FARMERS COOPERATIVE POLITICAL ACTION COMMITTEE (MDFPAC)
2004,C00010124,2500,ASSOCIATED EQUIPMENT DISTRIBUTORS POLITICAL ACTION COMMITTEE
2002,C00370791,2500,MAJORITY INITIATIVE TO KEEP ELECTING REPUBLICANS FUND
2002,C00345744,2500,WISCONSIN LEADERSHIP PAC
2002,C00010124,2500,ASSOCIATED EQUIPMENT DISTRIBUTORS POLITICAL ACTION COMMITTEE
2002,C00330696,2500,ASSOCIATED MILK PRODUCERS INC PAC (AMPIPAC) FKA NORTH CENTRAL AMPI INC PAC (NCAMPIPAC)
2002,C00001388,2500,DAIRY FARMERS OF AMERICA INC DEPAC (DAIRY EDUCATION POLITICAL ACTION COMMITTEE)
2002,C00085316,2500,CIGNA CORPORATION POLITICAL ACTION COMMITTEE
2002,C00029447,2500,INTERNATIONAL ASSOCIATION OF FIREFIGHTERS INTERESTED IN REGISTRATION AND EDUCATION PAC
2002,C00344127,2500,CERIDIAN CORPORATION POLITICAL ACTION COMMITTEE
2002,C00167684,2500,AMERICAN SUGARBEET GROWERS ASSOCIATION POLITICAL ACTION COMMITTEE
2002,C00274431,2500,UNITEDHEALTH GROUP INCORPORATED POLITICAL FUND
2002,C00363770,2500,PEOPLE FOR ENTERPRISE TRADE AND ECONOMIC GROWTH
2002,C00341768,2500,T.E.A.M. PAC
2002,C00099937,2500,COOPER INDUSTRIES POLITICAL ACTION COMMITTEE
2002,C00315747,2500,21ST CENTURY PAC
2002,C00164939,2500,MINN-DAK FARMERS COOPERATIVE POLITICAL ACTION COMMITTEE (MDFPAC)
2000,C00024281,2500,AMERICAN MEAT INSTITUTE POLITICAL ACTION COMMITTEE
2000,C00004275,2500,AMERICAN BANKERS ASSOCIATION BANKPAC
2000,C00018028,2500,PRINTING INDUSTRIES OF AMERICA
2000,C00255406,2500,REPUBLICAN NATIONAL COALITION FOR LIFE POLITICAL ACTION COMMITTEE (RNC/LIFE PAC)
2000,C00098061,2500,TARGET CITIZEN'S FEDERAL FORUM
2002,C70001847,2301,AMERICAN MEDICAL ASSOCIATION
2006,C00280222,2200,KPMG PARTNERS/PRINCIPALS & EMPLOYEES POLITICAL ACTION COMMITTEE
2006,C00244129,2100,JIM RAMSTAD VOLUNTEER COMMITTEE
2006,C00097238,2100,VIAD GOOD GOVERNMENT PROJECT
2006,C00359588,2100,BARBOUR GRIFFITH AND ROGERS PAC
2006,C00250027,2100,KIRBY CORPORATION POLITICAL ACTION COMMITTEE
2006,C00103143,2000,AMERICAN INSURANCE ASSOCIATION POLITICAL ACTION COMMITTEE
2006,C00097485,2000,MERCK & CO. INC. EMPLOYEES POLITICAL ACTION COMMITTEE (MERCK PAC)
2006,C00349225,2000,SPINE PAC OF THE NATIONAL ASSOCIATION OF SPINE SPECIALISTS
2006,C00348938,2000,ACE INA POLITICAL ACTION COMMITTEE
2006,C00034173,2000,AMT - ASSOCIATION FOR MANUFACTURING TECHNOLOGY MACHINE TOOLPAC
2006,C00233304,2000,NATIONAL ASSOCIATION OF INDUSTRIAL AND OFFICE PROPERTIES DEVELOPMENT PAC (NAIOP-PAC)
2006,C00102160,2000,NORTHEAST UTILITIES EMPLOYEES' POLITICAL ACTION COMMITTEE-FEDERAL
2006,C00409714,2000,FINANCIAL SERVICES INSTITUTE PAC
2006,C00344127,2000,CERIDIAN CORPORATION POLITICAL ACTION COMMITTEE
2006,C00091884,2000,PROGRESS ENERGY EMPLOYEES' FEDERAL PAC
2006,C00412098,2000,ASSOCIATION OF KENTUCKY FRIED CHICKEN FRANCHISEES INC POLITICAL ACTION COMMITTEE AKFCF PAC
2006,C00389239,2000,NETHERCUTT FOR SENATE
2006,C00340356,2000,ADVANCED MEDICAL TECHNOLOGY ASSOCIATION POLOTICAL ACTION COMMITTEE
2006,C00413955,2000,AMERICAN ASSOCIATION OF NEUROLOGICAL SURGEONS POLITICAL ACTION COMMITTEE (NEUROSURGERYPAC)
2006,C00336842,2000,FAMILY PAC
2006,C00004812,2000,MORTGAGE BANKERS ASSOCIATION POLITICAL ACTION COMMITTEE
2006,C00004101,2000,NATIONAL UTILITY CONTRACTORS ASSOCIATION LEGISLATIVE INFORMATION AND ACTION COMMITTEE
2006,C00114025,2000,NATIONAL READY MIXED CONCRETE ASSN. PAC (CONCRETEPAC)
2006,C00115972,2000,NICKLES GROUP PAC
2006,C00120238,2000,AMERICAN MOTORCYCLIST POLITICAL ACTION COMMITTEE
2006,C00354290,2000,AMERICAN FAMILY MUTUAL INSURANCE COMPANY FEDERAL PAC (AMFAM PAC)
2006,C00398248,2000,MICRA FEDERAL PAC OF NORCAL MUTUAL INSURANCE COMPANY; THE
2006,C00024869,2000,GENERAL ELECTRIC COMPANY POLITICAL ACTION COMMITTEE
2006,C00043489,2000,BANK OF AMERICA CORPORATION STATE AND FEDERAL POLITICAL ACTION COMMITTEE
2006,C00402263,2000,SHPS INC PAC
2006,C00382036,2000,DEMOCRACY BELIEVERS POLITICAL ACTION COMMITTEE (DB PAC)
2006,C00380550,2000,FMR CORP. POLITICAL ACTION COMMITTEE - FEDERAL
2006,C00379768,2000,EXPERIAN NORTH AMERICA INC. POLITICAL ACTION COMMITTEE (EXPERIAN PAC)
2006,C00072025,2000,NATIONAL RURAL LETTER CARRIERS' ASSOCIATION POLITICAL ACTION COMMITTEE
2006,C00074096,2000,PAC OF EMPLOYEES OF DOW CHEMICAL (PACE)
2006,C00327437,2000,"CHANGING TIDE (TIDE), THE"
2006,C00365171,2000,NUCLEAR MANAGEMENT COMPANY POLITICAL ACTION COMMITTEE (NMCPAC)
2006,C00076588,2000,"CF INDUSTRIES, INC. EMPLOYEES' GOOD GOVERNMENT FUND"
2006,C00364117,2000,PUTNAM FOR CONGRESS
2006,C00402743,2000,HEALTH SAVINGS ACCOUNTS POLITICAL ACTION COMMITTEE INC
2006,C00081547,2000,DTE ENERGY CO. PAC - FEDERAL
2006,C00082792,2000,ELI LILLY AND COMPANY POLITICAL ACTION COMMITTEE
2006,C00360008,2000,NATIONAL THOROUGHBRED RACING ASSOCIATION POLITICAL ACTION COMMITTEE/HORSE PAC
2006,C00021972,2000,PHARMACEUTICAL RESEARCH & MANUFACTURERS OF AMERICA BETTER GOVERNMENT COMMITTEE
2006,C00084491,2000,INTERNATIONAL FRANCHISE ASSOCIATION FRANCHISING POLITICAL ACTION COMMITTEE INC.
2006,C00390583,2000,BROWNSTEIN HYATT AND FARBER P C POLITICAL ACTION COMMITTEE
2006,C00405241,2000,LIFETOUCH INC POLITICAL ACTION COMMITTEE
2006,C00355461,2000,CANTOR FOR CONGRESS
2006,C00390831,2000,JOHN S FUND
2006,C00100107,2000,AMERICAN BEVERAGE ASSOCIATION POLITICAL ACTION COMMITTEE  (AKA AMERICAN BEVERAGE PAC)
2006,C00285098,2000,BIG TENT PAC
2006,C00274431,2000,UNITEDHEALTH GROUP INCORPORATED PAC (UNITED FOR HEALTH)
2006,C00282731,2000,COUNTRYWIDE FINANCIAL CORPORATION PAC
2006,C00241380,2000,ARENT FOX PLLC PAC (AFPAC)
2006,C00177469,2000,PG&E CORPORATION EMPLOYEES ENERGYPAC
2006,C00244863,2000,NATIONAL ROOFING CONTRACTORS ASSOCIATION (ROOFPAC)
2006,C00249342,2000,AMERICAN SOCIETY OF PLASTIC SURGEONS
2006,C00273003,2000,AMERICAN ASSOCIATION OF CLINICAL UROLOGISTS POLITICAL ACTION COMMITTEE (UROPAC)
2006,C00164939,2000,MINN-DAK FARMERS COOPERATIVE POLITICAL ACTION COMMITTEE (MDFPAC)
2006,C00141218,2000,EXELON CORPORATION POLITICAL ACTION COMMITTEE (EXELONPAC)
2006,C00149104,2000,CHS INC. POLITICAL ACTION COMMITTEE
2006,C00220764,2000,VSS&P FEDPAC
2006,C00226548,2000,TXU CORP. POLITICAL ACTION COMMITTEE
2006,C00149013,2000,FULBRIGHT
2006,C00324483,2000,MIDAMERICAN ENERGY COMPANY EXECUTIVE PAC
2006,C00252338,2000,AMERICAN CHEMISTRY COUNCIL PAC
2006,C00236414,2000,AEGON USA INC POLITICAL ACTION COMMITTEE
2004,C00208090,2000,HASTERT FOR CONGRESS COMMITTEE
2004,C00266536,2000,PHILLIPS INTERNATIONAL INC POLITICAL ACTION COMMITTEE
2004,C00317511,2000,SUPERIOR CALIFORNIA FEDERAL LEADERSHIP FUND
2004,C00253153,2000,OUTBACK STEAKHOUSE INC POLITICAL ACTION COMMITTEE
2004,C00300178,2000,WACHOVIA CORPORATION EMPLOYEES GOOD GOVERNMENT FEDERAL FUND II
2004,C00255752,2000,AMERICAN SOCIETY OF ANESTHESIOLOGISTS POLITICAL ACTION COMMITTEE
2004,C00301366,2000,FREEDOM WORKS PAC
2004,C00303339,2000,"NATIONAL ASSOCIATION OF REAL ESTATE INVESTMENT TRUSTS, INC. POLITICAL ACTION COMMITTEE"
2004,C00223297,2000,CHRISTOPHER COX CONGRESSIONAL COMMITTEE
2004,C00304634,2000,MINEPAC A POLITICAL ACTION COMMITTEE OF THE NATIONAL MINING ASSOCIATION
2004,C00254201,2000,NATIONAL ASSOCIATION OF MORTGAGE BROKERS PAC
2004,C00253971,2000,FRIENDS OF PHIL GRAMM PAC
2004,C00252866,2000,MBNA CORPORATION FEDERAL POLITICAL COMMITTEE
2004,C00305029,2000,ST JUDE MEDICAL INC POLITICAL ACTION COMMITTEE
2004,C00244129,2000,JIM RAMSTAD VOLUNTEER COMMITTEE
2004,C00238725,2000,NATIONAL AIR TRAFFIC CONTROLLERS ASSOCIATION POLITICAL ACTION COMMITTEE (AKA NATCA PAC)
2004,C00307769,2000,GUIDANT CORPORATION PAC
2004,C00100537,2000,BILL THOMAS CAMPAIGN COMMITTEE
2004,C00282160,2000,GUTKNECHT FOR U.S. CONGRESS COMMITTEE
2004,C00197095,2000,NORTHWESTERN MUTUAL LIFE INSURANCE COMPANY FEDERAL POLITICAL ACTION COMMITTEE
2004,C00029348,2000,AMERICAN FOREST & PAPER ASSOC PAC (AF&PAPAC) FKA FOREST INDUSTRIES PAC (FIPAC)
2004,C00076174,2000,NATIONWIDE POLITICAL PARTICIPATION COMMITTEE
2004,C00366781,2000,BUCKEYE STATE PAC
2004,C00040659,2000,NATIONAL ASSOCIATION OF FEDERAL CREDIT UNIONS POLITICAL ACTION COMMITTEE (NAFCUPAC)
2004,C00040550,2000,MERRILL LYNCH & CO. INC. POLITICAL ACTION COMMITTEE
2004,C00039131,2000,BOISE CASCADE POLITICAL FUND
2004,C00375378,2000,AMERICANS NATIONWIDE DEDICATED TO ELECTING REPUBLICANS
2004,C00038604,2000,AMERICAN FINANCIAL SERVICES ASSOCIATION PAC
2004,C00034405,2000,INTERNATIONAL PAPER POLITICAL ACTION COMMITTEE
2004,C00382036,2000,DEMOCRACY BELIEVERS POLITICAL ACTION COMMITTEE AKA DBPAC
2004,C00082040,2000,US CHAMBER OF COMMERCE PAC (NCAP)
2004,C00383521,2000,INTERNATIONAL FOODSERVICE DISTRIBUTORS ASSOCIATION POLITICAL ACTION COMMITTEE (IFDA PAC)
2004,C00018028,2000,PRINTING INDUSTRIES OF AMERICA
2004,C00384891,2000,NEW AMERICAN LEADERSHIP FUND
2004,C00009282,2000,NORFOLK SOUTHERN CORPORATION GOOD GOVERNMENT FUND
2004,C00392134,2000,MAKING BUSINESS EXCEL POLITICAL ACTION COMMITTEE
2004,C00392548,2000,LEADERSHIP ENCOURAGING EXCELLENCE PAC
2004,C00003830,2000,J.P. MORGAN CHASE & CO. STATE AND FEDERAL POLITICAL ACTION COMMITTEE
2004,C00001875,2000,AMERICA'S COMMUNITY BANKERS COMMUNITY CAMPAIGN COMMITTEE
2004,C00356345,2000,E*TRADE FINANCIAL CORPORATION PAC
2004,C00082792,2000,ELI LILLY AND COMPANY POLITICAL ACTION COMMITTEE
2004,C00128231,2000,"ICE CREAM, MILK & CHEESE PAC"
2004,C00337295,2000,COMMON SENSE LEADERSHIP FUND (CSLF)
2004,C00142000,2000,OXLEY FOR CONGRESS
2004,C00340083,2000,DEAN FOODS COMPANY POLITICAL ACTION COMMITTEE
2004,C00141036,2000,NATIONAL CITY CORPORATION PAC (AKA NATIONAL CITY PAC OR NC PAC)
2004,C00129833,2000,WASHINGTON MUTUAL POLITICAL ACTION COMMITTEE (WMPAC)
2004,C00085316,2000,CIGNA CORPORATION POLITICAL ACTION COMMITTEE
2004,C00121301,2000,U.S. BANCORP PIPER JAFFRAY INC. FEDERAL PAC
2004,C00330076,2000,UNITED DEFENSE EMPLOYEES PAC
2004,C00144311,2000,"MAY DEPARTMENT STORES COMPANY POLITICAL ACTION COMMITTEE, THE"
2004,C00346536,2000,CLUB FOR GROWTH INC PAC
2004,C00097485,2000,MERCK PAC THE POLITICAL ACTION COMMITTEE FOR MERCK & CO INC
2004,C00090357,2000,LEWIS FOR CONGRESS COMMITTEE
2004,C00329425,2000,NATIONAL FRANCHISEE ASSOCIATION PAC (NFA-PAC)
2004,C00170258,2000,NAMIC PAC
2004,C00350744,2000,GOLDMAN SACHS GROUP INC POLITICAL ACTION COMMITTEE
2004,C00339473,2000,TAXPAYERS LEAGUE OF MINNESOTA LIBERTY FUND
2002,C00118208,2000,AMERICAN ROAD & TRANSPORTATION BUILDERS ASSOCIATION (ARTBA) - 525 PAC
2002,C00198309,2000,DICK ARMEY CAMPAIGN COMMITTEE
2002,C00311852,2000,FRIENDS OF JOHN PETERSON
2002,C00163832,2000,CSX CORPORATION GOOD GOVERNMENT FUND
2002,C00312579,2000,THE WASHINGTON FUND
2002,C00327874,2000,GREEN FOR CONGRESS
2002,C00122101,2000,SAFARI CLUB INTERNATIONAL POLITICAL ACTION COMMITTEE
2002,C00128231,2000,"ICE CREAM, MILK&CHEESE PAC-INTL ICE CREAM ASSN, MILK INDUSTRY FDTN &NATL CHEESE INSTITUTE"
2002,C00120030,2000,SOCIETY OF INDEPENDENT GASOLINE MARKETERS OF AMERICA
2002,C00173153,2000,AMERICAN ASSOCIATION OF NURSE ANESTHETISTS SEPARATE SEGREGATED FUND (CRNA-PAC)
2002,C00142000,2000,OXLEY FOR CONGRESS
2002,C00144311,2000,THE MAY DEPARTMENT STORES COMPANY POLITICAL ACTION COMMITTEE
2002,C00172635,2000,BASS BROTHERS ENTERPRISES INC POLITICAL ACTION COMMITTEE
2002,C00310532,2000,KAY GRANGER CAMPAIGN FUND
2002,C00265942,2000,MAC COLLINS FOR CONGRESS
2002,C00258855,2000,VOLUNTEERS FOR SHIMKUS
2002,C00239905,2000,HOBSON FOR CONGRESS
2002,C00244129,2000,JIM RAMSTAD VOLUNTEER COMMITTEE
2002,C00039321,2000,PEPSICO INC. CONCERNED CITIZENS FUND
2002,C00039131,2000,BOISE CASCADE POLITICAL FUND
2002,C00246306,2000,IPAA WILDCATTERS FUND
2002,C00034157,2000,AFLAC INCORPORATED POLITICAL ACTION COMMITTEE AFLACPAC
2002,C00250720,2000,FRIENDS OF SAM JOHNSON
2002,C00250068,2000,"GROCERY MANUFACTURERS OF AMERICA INC POLITICAL ACTION COMMITTEE (""GMA PAC"")"
2002,C00033779,2000,REAL ESTATE ROUNDTABLE POLITICAL ACTION COMMITTEE REALPAC FKA NATIONAL REALTY PAC
2002,C00032698,2000,INDEPENDENT COMMUNITY BANKERS OF AMERICA POLITICAL ACTION COMMITTEE
2002,C00028787,2000,NATIONAL CATTLEMEN'S BEEF ASSOCIATION POLITICAL ACTION COMMITTEE (NCBA-PAC)
2002,C00365411,2000,DOING OUR NATION'S SERVICE PAC (DON'S PAC)
2002,C00024869,2000,GENERAL ELECTRIC COMPANY POLITICAL ACTION COMMITTEE
2002,C00352963,2000,AMERICAN PROSPERITY POLITICAL ACTION COMMITTEE
2002,C00350744,2000,GOLDMAN SACHS GROUP INC POLITICAL ACTION COMMITTEE
2002,C00285932,2000,TOM DAVIS FOR CONGRESS
2002,C00225623,2000,WALSH FOR CONGRESS COMMITTEE
2002,C00112763,2000,INTERNATIONAL MASS RETAIL ASSOCIATION PAC FKA IMRAPAC
2002,C00104851,2000,UST INC. EXECUTIVES ADMINISTRATORS AND MANAGERS POLITICAL ACTION COMMITTEE
2002,C00255976,2000,LINDER FOR CONGRESS
2002,C00100321,2000,HARRIS CORPORATION-FEDERAL POLITICAL ACTION COMMITTEE
2002,C00342170,2000,UNITED STATES MARINE REPAIR INC POLITICAL ACTION COMMITTEE
2002,C00350462,2000,CONTINUING A MAJORITY PARTY ACTION COMMITTEE (CAMPAC)
2002,C00004101,2000,NATIONAL UTILITY CONTRACTORS ASSOCIATION LEGISLATIVE INFORMATION AND ACTION COMMITTEE
2002,C00090357,2000,LEWIS FOR CONGRESS COMMITTEE
2002,C00089458,2000,NATIONAL STONE SAND & GRAVEL ASSOCIATION ROCKPAC
2002,C00345033,2000,UNITED IN FREEDOM
2002,C00084475,2000,MINNESOTA MINING AND MANUFACTURING COMPANY
2002,C00346114,2000,PEOPLE WITH HART INC
2002,C00231407,2000,GOLDEN RULE FINANCIAL CORPORATION - POLITICAL ACTION COMMITTEE
2002,C00250134,2000,COCA-COLA ENTERPRISES INC EMPLOYEE NONPARTISAN COMMITTEE FOR GOOD GOVERNMENT
2000,C00093963,2000,ARCHER DANIELS MIDLAND COMPANY-ADM PAC
2000,C00244129,2000,JIM RAMSTAD VOLUNTEER COMMITTEE
2000,C00330464,2000,BAYOU LEADER POLITICAL ACTION COMMITTEE
2000,C00087874,2000,"CONAGRA, INC. GOOD GOVERNMENT ASSOCIATION"
2000,C00106146,2000,AMERICAN HOSPITAL ASSOCIATION POLITICAL ACTION COMMITTEE (AHAPAC)
2000,C00227546,2000,MICROSOFT CORPORATION POLITICAL ACTION COMMITTEE
2000,C00144311,2000,MAY DEPARTMENT STORES COMPANY POLITICAL ACTION COMMITTEE (MAYPAC)
2000,C70002969,1947,NATIONAL FEDERATION OF INDEPENDENT BUSINESS SAVE AMERICA'S FREE ENTERPRISE TRUST
2006,C00009704,1903,CONSERVATIVE VICTORY FUND
2004,C70002969,1793,NATIONAL FEDERATION OF INDEPENDENT BUSINESS SAVE AMERICA'S FREE ENTERPRISE TRUST
2004,C00174060,1750,BELLSOUTH CORPORATION EMPLOYEES' FEDERAL POLITICAL ACTION COMMITTEE
2002,C00194746,1750,BLUEPAC - BLUE CROSS BLUE SHIELD ASSOCIATION POLITICAL ACTION COMMITTEE
2004,C00103937,1631,EAGLE FORUM PAC
2002,C00339473,1560,TAXPAYERS LEAGUE OF MINNESOTA LIBERTY FUND
2006,C00028787,1500,NATIONAL CATTLEMEN'S BEEF ASSOCIATION POLITICAL ACTION COMMITTEE (NCBA-PAC)
2006,C00402768,1500,MOTORCYCLE PAC OF MINNESOTA
2006,C00017558,1500,BIPARTISAN POLITICAL ACTION COMMITTEE/MELLON FINANCIAL CORPORATION (BIPAC/MFC)
2006,C00129833,1500,WASHINGTON MUTUAL POLITICAL ACTION COMMITTEE (WAMUPAC)
2006,C00338442,1500,AMERICAN APPAREL AND FOOTWEAR ASSO FASHION ASSO PAC
2006,C00194084,1500,SAFEWAY INC. POLITICAL ACTION COMMITTEE (SAFEPAC)
2004,C00344127,1500,CERIDIAN CORPORATION POLITICAL ACTION COMMITTEE
2004,C00350462,1500,CONTINUING A MAJORITY PARTY ACTION COMMITTEE (CAMPAC)
2004,C00360008,1500,NATIONAL THOROUGHBRED RACING ASSOCIATION POLITICAL ACTION COMMITTEE
2004,C00194746,1500,BLUEPAC - BLUE CROSS BLUE SHIELD ASSOCIATION POLITICAL ACTION COMMITTEE
2002,C00201509,1500,FOOD DISTRIBUTORS VOICE IN POLITICS CMTE-THE POLITICAL ACTION CMTE OF FOOD DIST INT'L
2002,C00201871,1500,NATIONAL PORK PRODUCERS COUNCIL PORK PAC
2002,C00199703,1500,SMITHKLINE BEECHAM CORPORATION POLITICAL ACTION COMMITTEE (GLAXOSMITHKLINE PAC)
2002,C00213173,1500,PRESTON GATES ELLIS & ROUVELAS MEEDS LLP PAC
2002,C00237156,1500,QWEST COMMUNICATIONS INTERNATIONAL INC POLITICAL ACTION COMMITTEE (QWEST PAC)
2002,C00257329,1500,"PROCTER & GAMBLE COMPANY GOOD GOVERNMENT COMMITTEE (AKA P&G PAC), THE"
2002,C00043463,1500,MANUFACTURED HOUSING INSTITUTE POLITICAL ACTION COMMITTEE (MHI PAC)
2002,C00142711,1500,"BOEING COMPANY POLITICAL ACTION COMMITTEE, THE"
2002,C00139964,1500,NATIONAL ASSOCIATION OF WHEAT GROWERS POLITICAL ACTION COMMITTEE (WHEATPAC)
2002,C00095109,1500,ALLIANZ LIFE INSURANCE CO/FIREMAN'S FUND INSURANCE CO PAC(ALLIANZ LIFE/FIREMAN'S FUND PAC)
2002,C00004879,1500,BUSPAC-POLITICAL ACTION COMMITTEE OF THE AMERICAN BUS ASSOCIATION
2002,C00103937,1500,EAGLE FORUM PAC
2002,C00114025,1500,NATIONAL READY MIXED CONCRETE ASSOCIATION POLITICAL ACTION COMMITTEE (CONCRETEPAC)
2002,C00076299,1500,CME/PAC CHICAGO MERCANTILE EXCHANGE PAC
2002,C00080515,1500,EMERSON ELECTRIC CO RESPONSIBLE GOVERNMENT FUND
2000,C00340158,1500,FUND FOR A FREE MARKET AMERICA
2000,C00327874,1500,GREEN FOR CONGRESS
2000,C00330068,1500,NEW AMERICAN CENTURY POLITICAL ACTION COMMITTEE
2000,C00339473,1500,TAXPAYERS LEAGUE FEDERAL PAC
2000,C00084475,1500,MINNESOTA MINING & MANUFACTURING COMPANY POLITICAL ACTION COMMITTEE (3M PAC)
2006,C00018945,1250,DORSEY NATIONAL FUND
2004,C00277988,1100,WINTHROP & WEINSTINE P A POLITICAL FUND
2006,C00039214,1000,NATIONAL LUMBER AND BUILDING MATERIAL DEALERS ASSN POLITICAL ACTION COMMITTEE (LUDPAC)
2006,C00035675,1000,BRISTOL-MYERS SQUIBB COMPANY EMPLOYEE POLITICAL ACTION COMMITTEE
2006,C00254268,1000,CROWN CORK & SEAL COMPANY INC. PAC
2006,C00040253,1000,ALLSTATE INSURANCE COMPANY POLITICAL ACTION COMMITTEE
2006,C00389122,1000,RED PAC
2006,C00177972,1000,PILLSBURY WINTHROP SHAW PITTMAN LLP POLITICAL ACTION COMMITTEE
2006,C00132092,1000,ALLIANT ENERGY CORPORATION EMPLOYEE'S POLITICAL ACTION COMM
2006,C00041376,1000,CONSTELLATION ENERGY GROUP INC. FEDERAL PAC
2006,C00040550,1000,MERRILL LYNCH & CO. INC. POLITICAL ACTION COMMITTEE
2006,C00385740,1000,FROZEN FOOD POLITICAL ACTION COMMITTEE
2006,C00174599,1000,LAMAR CORPORATION POLITICAL ACTION COMMITTEE (LAMARPAC)
2006,C00261339,1000,HOGAN & HARTSON POLITICAL ACTION COMMITTEE
2006,C00046474,1000,FORD MOTOR COMPANY CIVIC ACTION FUND
2006,C00172841,1000,UNITED EGG ASSOCIATION EGGPAC
2006,C00381541,1000,CLARKPAC OF CLARK CONSULTING
2006,C00380303,1000,EMERGENT BIOSOLUTIONS INC EMPLOYEES PAC
2006,C00380196,1000,FRIENDS OF SNOWMOBILING PAC
2006,C00378166,1000,CHECKFREE CORP PAC
2006,C00065987,1000,MEADWESTVACO CORPORATION POLITICAL ACTION COMMITTEE
2006,C00279216,1000,CLEAR CHANNEL COMMUNICATIONS INC POLITICAL ACTION COMMITTEE
2006,C00375220,1000,JO BONNER FOR CONGRESS COMMITTEE
2006,C00033969,1000,NOVARTIS CORPORATION POLITICAL ACTION COMMITTEE (A.K.A. NOVARTIS PAC)
2006,C00394650,1000,SWIFT & COMPANY POLITICAL ACTION COMMITTEE
2006,C00187526,1000,CITY POLITICAL ACTION COMMITTEE (CITYPAC)
2006,C00033456,1000,PHELPS DODGE EMPLOYEES FUND FOR GOOD GOVERNMENT
2006,C00001875,1000,AMERICA'S COMMUNITY BANKERS COMMUNITY CAMPAIGN COMMITTEE
2006,C00231407,1000,GOLDEN RULE FINANCIAL CORPORATION - POLITICAL ACTION COMMITTEE
2006,C00004994,1000,PROFESSIONAL INSURANCE AGENTS POLITICAL ACTION COMMITTEE
2006,C00423095,1000,TRUST IN SMALL BUSINESS POLITICAL ACTION COMMITTEE (TISB PAC)
2006,C00416982,1000,MINNESOTA CORN GROWERS ASSOCIATION PAC
2006,C00238311,1000,AIRBORNE FREIGHT CORPORATION POLITICAL ACTION COMMITTEE (ABXPAC)
2006,C00006080,1000,AMERICAN HEALTH CARE ASSOCIATION POLITICAL ACTION COMMITTEE
2006,C00239848,1000,NUCLEAR ENERGY INSTITUTE FEDERAL POLITICAL ACTION COMMITTEE
2006,C00007450,1000,AMERICAN GAS ASSOCIATION POLITICAL ACTION COMMITTEE; THE (GASPAC)
2006,C00007948,1000,WEYERHAEUSER COMPANY POLITICAL ACTION COMMITTEE
2006,C00410332,1000,KRINKIE FOR CONGRESS
2006,C00008839,1000,AMERICAN PODIATRIC MEDICAL ASSN. INC.  PODIATRY POLITICAL ACTION COMMITTEE
2006,C00009282,1000,NORFOLK SOUTHERN CORPORATION GOOD GOVERNMENT FUND
2006,C00241851,1000,BRINKER INTERNATIONAL INC POLITICAL ACTION COMMITTEE
2006,C00408468,1000,AMERICAN SOYBEAN ASSOCIATION PAC (SOYPAC)
2006,C00242370,1000,MWH AMERICAS INC. EMPLOYEE PAC
2006,C00217885,1000,LEBOEUF LAMB GREENE & MACRAE POLITICAL ACTION COMMITTEE
2006,C00012468,1000,THE COCA-COLA COMPANY NONPARTISAN COMMITTEE FOR GOOD GOVERNMENT
2006,C00210666,1000,AMERICAN SPEECH-LANGUAGE-HEARING ASSOCIATION PAC
2006,C00400929,1000,AMERISOURCEBERGEN CORPORATION POLITICAL ACTION COMMITTEE (ABC PAC)
2006,C00399949,1000,FISERV HEALTH INC PAC
2006,C00021295,1000,BRACEPAC
2006,C00396671,1000,HARDWOOD FEDERATION PAC INC
2006,C00197095,1000,"NORTHWESTERN MUTUAL LIFE INSURANCE COMPANY FEDERAL POLITICAL ACTION COMMITTEE, THE"
2006,C00371385,1000,ALEX LEE INC PAC
2006,C00250407,1000,SOUTHERN COMPANY - SOUTHERN NUCLEAR OPERATING COMPANY INC. PAC
2006,C00030676,1000,UNITED STATES STEEL CORPORATION PAC
2006,C00373589,1000,REPUBLICANS FOR ENVIRONMENTAL PROTECTION POLITICAL ACTION COMMITTEE
2006,C00235309,1000,DIRECT VOICE THE POLITICAL ACTION COMMITTEE OF THE DIRECT MARKETING ASSOCIATION
2006,C00101725,1000,GOODRICH CORPORATION POLITICAL ACTION COMMITTEE
2006,C00104687,1000,AO SMITH CORPORATION POLITICAL ACTION COMMITTEE (AOSPAC)
2006,C00301929,1000,KELLEY DRYE COLLIER SHANNON POLITICAL ACTION COMMITTEE
2006,C00112896,1000,CONOCOPHILLIPS SPIRIT PAC
2006,C00303339,1000,NATIONAL ASSOCIATION OF REAL ESTATE INVESTMENT TRUSTS INC. POLITICAL ACTION COMMITTEE
2006,C00305029,1000,ST JUDE MEDICAL INC POLITICAL ACTION COMMITTEE
2006,C00348524,1000,FOUNDATION COAL CORPORATION POLITICAL ACTION COMMITTEE
2006,C00144170,1000,LOUISIANA FOR AMERICAN SECURITY POLITICAL ACTION COMMITTEE
2006,C00137828,1000,APL LIMITED PAC
2006,C00143867,1000,EQUIFAX POLITICAL ACTION COMMITTEE
2006,C00330696,1000,ASSOCIATED MILK PRODUCERS INC. POLITICAL ACTION COMMITTEE
2006,C00142489,1000,ALLETE PAC (ALLETE POLITICAL ACTION COMMITTEE)
2006,C00103903,1000,PROFESSIONALS POLITICAL ACTION COMMITTEE HDR INC.
2006,C00142307,1000,WATKINS ASSOCIATED INDUSTRIES INC EMPLOYEES FOR GOOD GOVERNMENT COMMITTEE (WATKINS-PAC)
2006,C00104109,1000,MITTAL STEEL USA GOOD GOVERNMENT COMMITTEE
2006,C00104851,1000,UST INC. EXECUTIVES ADMINISTRATORS AND MANAGERS POLITICAL ACTION COMMITTEE
2006,C00155713,1000,BAYPAC
2006,C00105338,1000,FOLEY & LARDNER POLITICAL FUND INC.
2006,C00313650,1000,AMERICA WEST AIRLINES INC FEDERAL PAC
2006,C00342378,1000,LEADERSHIP FOR AMERICA'S FUTURE PAC (LEAD PAC)
2006,C00108209,1000,DOMINION POLITICAL ACTION COMMITTEE
2006,C00341271,1000,DAY & ZIMMERMANN INC FEDERAL PAC (AKA 'DAYPAC - FEDERAL')
2006,C00340190,1000,"BOB BARR LEADERSHIP FUND, THE"
2006,C00337626,1000,MORGAN STANLEY POLITICAL ACTION COMMITTEE
2006,C00319319,1000,PHYSICIAN INSURERS ASSOCIATION OF AMERICA PAC (PHYSICIAN INSURERS PAC)
2006,C00320176,1000,WESTERN ACTION PAC
2006,C00110262,1000,BRUNSWICK CORPORATION GOOD GOVERNMENT FUND
2006,C00110478,1000,PEABODY ENERGY CORPORATION POLITICAL ACTION COMMITTEE   (PEABODY PAC)
2006,C00334581,1000,JOY GLOBAL INC POLITICAL ACTION COMMITTEE (JOY GLOBAL PAC)
2006,C00111880,1000,CEMEX INC. EMPLOYEES POLITICAL ACTION COMMITTEE
2006,C00096842,1000,"AMERICAN ELECTRIC POWER COMMITTEE FOR RESPONSIBLE GOVERNMENT, THE"
2006,C00350702,1000,ENGINEERED SUPPORT SYSTEMS INC. POLITICAL ACTION COMMITTEE
2006,C00163253,1000,MDU RESOURCES GROUP GOOD GOVERNMENT FUND
2006,C00118943,1000,MASSACHUSETTS MUTUAL LIFE INSURANCE COMPANY POLITICAL ACTION COMMITTEE
2006,C00370783,1000,GINGREY FOR CONGRESS
2006,C00368696,1000,RESPONSIBILITY AND FREEDOM WORK PAC (RFWPAC)
2006,C00171843,1000,LIBERTY MUTUAL INSURANCE COMPANY-PAC
2006,C00075473,1000,CMS ENERGY CORPORATION EMPLOYEES FOR BETTER GOVERNMENT- FEDERAL
2006,C00325936,1000,SOCIETY OF THORACIC SURGEONS POLITICAL ACTION COMMITTEE
2006,C00075994,1000,ASHLAND INC. POLITICAL ACTION COMMITTEE FOR EMPLOYEES (PACE)
2006,C00135681,1000,FARMERS GROUP INC. POLITICAL ACTION COMMITTEE
2006,C00076174,1000,NATIONWIDE POLITICAL PARTICIPATION COMMITTEE
2006,C00085316,1000,CIGNA CORPORATION POLITICAL ACTION COMMITTEE
2006,C00078287,1000,CNA FINANCIAL CORPORATION CITIZENS FOR GOOD GOVERNMENT
2006,C00170696,1000,MARSHALL AND ILSLEY CORPORATION POLITICAL ACTION COMMITTEE
2006,C00112763,1000,RETAIL INDUSTRY LEADERS ASSOCIATION POLITICAL ACTION COMMITTEE AKA RETAIL LEADERS PAC
2006,C00363879,1000,"ENTERGY CORPORATION POLITICAL ACTION COMMITTEE ""ENPAC"""
2006,C00079681,1000,NATIONAL PROPANE GAS ASSOCIATION POLITICAL ACTION COMMITTEE -PROPANEPAC
2006,C00361741,1000,INTUIT 21ST CENTURY LEADERSHIP FUND
2006,C00168070,1000,AMERICAN AMBULANCE ASSOCIATION FEDERAL PAC (AKA AMBU-PAC)
2006,C00360669,1000,SOUTHWEST AIRLINES PILOTS' ASSOCIATION POLITICAL ACTION COMMITTEE (SWAPA PAC)
2006,C00282921,1000,WINSTON & STRAWN LLP POLITICAL ACTION COMMITTEE
2006,C00169821,1000,TYSON FOODS INC POLITICAL ACTION COMMITTEE (TYPAC)
2006,C00284810,1000,MARRIOTT INTERNATIONAL INC. POLITICAL ACTION COMMITTEE
2004,C00279497,1000,POLARIS INDUSTRIES INC POLITICAL PARTICIPATION PROGRAM
2004,C00066472,1000,PROPERTY CASUALTY INSURERS ASSOCIATION OF AMERICA POLITICAL ACTION COMMITTEE  (PCIPAC)
2004,C00039016,1000,CLEVELAND-CLIFFS INC POLITICAL ACTION COMMITTEE (CLIFFS PAC)
2004,C00039578,1000,COUNCIL OF INSURANCE AGENTS & BROKERS POLITICAL ACTION COMMITTEE; THE
2004,C00369660,1000,VEN-PAC
2004,C00040329,1000,NATIONAL RETAIL FEDERATION RETAILPAC
2004,C00040923,1000,METLIFE INC. EMPLOYEES' POLITICAL PARTICIPATION FUND A
2004,C00042895,1000,PENNEYPAC - J.C.PENNEY CORP. INC. POLITICAL ACTION COMMITTEE
2004,C00365411,1000,DOING OUR NATION'S SERVICE POLITICAL ACTION COMMITTEE
2004,C00046474,1000,FORD MOTOR COMPANY CIVIC ACTION FUND
2004,C00063586,1000,UNITED STATES BEET SUGAR ASSOCIATION POLITICAL ACTION COMMITTEE
2004,C00364117,1000,PUTNAM FOR CONGRESS
2004,C00363945,1000,SYNGENTA CORPORATION POLITICAL ACTION COMMITTEE      (SYNGENTA PAC)
2004,C00076182,1000,NATIONAL TURKEY FEDERATION POLITICAL ACTION COMMITEE/TURPAC
2004,C00375865,1000,CONCERNED WOMEN POLITICAL ACTION COMMITTEE
2004,C00076299,1000,CME/PAC CHICAGO MERCANTILE EXCHANGE INC PAC
2004,C00357095,1000,ABRAHAM LINCOLN LEADERSHIP POLITICAL ACTION COMMITTEE
2004,C00076810,1000,GENERAL MOTORS CORPORATION POLITICAL ACTION COMMITTEE (GM PAC)
2004,C00081414,1000,AMERICAN SUGAR CANE LEAGUE OF USA INC POLITICAL ACTION COMMITTEE
2004,C00084491,1000,INTERNATIONAL FRANCHISE ASSOCIATION FRANCHISING POLITICAL ACTION COMMITTEE INC
2004,C00354290,1000,AMERICAN FAMILY MUTUAL INSURANCE COMPANY FEDERAL PAC (AMFAM PAC)
2004,C00353979,1000,TOM OSBORNE FOR US CONGRESS
2004,C00352963,1000,AMERICAN PROSPERITY POLITICAL ACTION COMMITTEE
2004,C00087791,1000,BROWN & WILLIAMSON TOBACCO CORPORATION EMPLOYEE POLITICAL ACTION COMMITTEE
2004,C00279455,1000,ZENECA INC. POLITICAL ACTION COMMITTEE
2004,C00038612,1000,SEARS POLITICAL ACTION COMMITTEE
2004,C00035204,1000,PETROLEUM MARKETERS ASSOCIATION OF AMERICAN\SMALL BUSINESS COMMITTEE
2004,C00109819,1000,COALPAC A POLITICAL ACTION COMMITTEE OF THE NATIONAL MINING ASSOCIATION
2004,C00376087,1000,MARIO DIAZ-BALART FOR CONGRESS
2004,C00404418,1000,STAND TALL AMERICA PAC (STAPAC)
2004,C00402909,1000,MAJORITY IN CONGRESS PAC
2004,C00402743,1000,HEALTH SAVINGS ACCOUNTS POLITICAL ACTION COMMITTEE INC
2004,C00000984,1000,UNITED STATES TELECOM ASSOCIATION POLITICAL ACTION COMMITTEE
2004,C00396671,1000,HARDWOOD FEDERATION PAC INC
2004,C00004101,1000,NATIONAL UTILITY CONTRACTORS ASSOCIATION LEGISLATIVE INFORMATION AND ACTION COMMITTEE
2004,C00004812,1000,MORTGAGE BANKERS ASSOCIATION OF AMERICA POLITICAL ACTION COMMITTEE
2004,C00390831,1000,JOHN S FUND
2004,C00004994,1000,PROFESSIONAL INSURANCE AGENTS POLITICAL ACTION COMMITTEE
2004,C00388793,1000,GROWTH AND PROSPERITY POLITICAL ACTION COMMITTEE AKA GAPPAC
2004,C00009985,1000,NATIONAL ASSOCIATION OF BROADCASTERS TELEVISION AND RADIO POLITICAL ACTION COMMITTEE
2004,C00010868,1000,AMERICAN COUNCIL OF ENGINEERING COMPANIES (ACEC/PAC)
2004,C00386029,1000,HNTB CORPORATION POLITICAL ACTION COMMITTEE
2004,C00384974,1000,CONSERVATIVE AMERICAN NETWORK DELIVERING INCREASED CONGRESSIONAL EXCELLENCE PAC
2004,C00012518,1000,WACHOVIA CORPORATION EMPLOYEES GOOD GOVERNMENT FEDERAL FUND I
2004,C00024869,1000,GENERAL ELECTRIC COMPANY POLITICAL ACTION COMMITTEE
2004,C00028787,1000,NATIONAL CATTLEMEN'S BEEF ASSOCIATION POLITICAL ACTION COMMITTEE (NCBA-PAC)
2004,C00381384,1000,13TH COLONY LEADERSHIP COMMITTEE INC
2004,C00379479,1000,"HAWKEYE PAC, THE"
2004,C00377689,1000,PROSPERITY PAC
2004,C00033423,1000,HSBC NORTH AMERICA POLITICAL ACTION COMMITTEE (H-PAC)
2004,C00376756,1000,CAROLINA MAJORITY PAC
2004,C00033969,1000,NOVARTIS CORPORATION POLITICAL ACTION COMMITTEE (A.K.A. NOVARTIS PAC)
2004,C00348359,1000,NATIONAL CONSERVATIVE CAMPAIGN FUND
2004,C00090209,1000,YELLOW ROADWAY POLITICAL ACTION COMMITTEE
2004,C00311043,1000,BRADY FOR CONGRESS
2004,C00250720,1000,FRIENDS OF SAM JOHNSON
2004,C00204099,1000,DEERE & COMPANY POLITICAL ACTION COMMITTEE (JOHN DEERE POLITICAL ACTION COMMITTEE)
2004,C00213173,1000,PRESTON GATES ELLIS
2004,C00314625,1000,"SYSCO CORPORATION GOOD GOVERNMENT POLITICAL ACTION COMMITTEE (""SYSCO PAC"")"
2004,C00310532,1000,KAY GRANGER CAMPAIGN FUND
2004,C00233247,1000,MANAGEMENT ASSOCIATION FOR PRIVATE PHOTOGRAMMETRIC SURVEYORS PAC (MAPPS PAC)
2004,C00236372,1000,CARLSON RESTAURANTS WORLDWIDE PAC
2004,C00245548,1000,NATIONAL MARINE MANUFACTURERS ASSOCIATION POLITICAL ACTION COMMITTEE
2004,C00250068,1000,"GROCERY MANUFACTURERS OF AMERICA INC POLITICAL ACTION COMMITTEE (""GMA PAC"")"
2004,C00250209,1000,ALLIANT TECHSYSTEMS INC EMPLOYEE CITIZENSHIP FUND
2004,C00254953,1000,BROOKE HOLDINGS INC AND JACKSON NATIONAL LIFE INSURANCE COMPANY SEPARATE SEGREGATED FUND
2004,C00325993,1000,DEFEND AMERICA PAC
2004,C00301929,1000,"COLLIER, SHANNON, SCOTT, PLLC POLITICAL ACTION COMMITTEE"
2004,C00255976,1000,LINDER FOR CONGRESS
2004,C00257337,1000,KEN CALVERT FOR CONGRESS
2004,C00299404,1000,FRELINGHUYSEN FOR CONGRESS
2004,C00297085,1000,EASTMAN KODAK COMPANY EMPLOYEE POLITICAL ACTION COMMITTEE
2004,C00296624,1000,FLORIDA CRYSTALS INC PAC
2004,C00257956,1000,BOB GOODLATTE FOR CONGRESS COMMITTEE
2004,C00258855,1000,VOLUNTEERS FOR SHIMKUS
2004,C00282731,1000,COUNTRYWIDE FINANCIAL CORPORATION PAC
2004,C00201871,1000,NATIONAL PORK PRODUCERS COUNCIL PORK PAC
2004,C00000042,1000,ILLINOIS TOOL WORKS FOR BETTER GOVERNMENT COMMITTEE
2004,C00128918,1000,PRINCIPAL LIFE INSURANCE COMPANY POLITICAL ACTION COMMITTEE
2004,C00141218,1000,EXELON CORPORATION POLITICAL ACTION COMMITTEE (EXELONPAC)
2004,C00149104,1000,CHS INC. - AGRILIANCE LLC POLITICAL ACTION COMMITTEE
2004,C00168864,1000,HARTFORD FINANCIAL SERVICES GROUP INC ADVOCATES FUND FKA (HARTFORD ADVOCATES FUND)
2004,C00185694,1000,ASSURANT INC. POLITICAL ACTION COMMITTEE
2004,C00163253,1000,MDU RESOURCES GROUP GOOD GOVERNMENT FUND
2004,C00330696,1000,ASSOCIATED MILK PRODUCERS INC PAC (AMPIPAC) FKA NORTH CENTRAL AMPI INC PAC (NCAMPIPAC)
2004,C00118943,1000,MASSACHUSETTS MUTUAL LIFE INSURANCE COMPANY POLITICAL ACTION COMMITTEE
2004,C00142489,1000,ALLETE PAC (ALLETE POLITICAL ACTION COMMITTEE)
2004,C00341768,1000,T.E.A.M. PAC
2004,C00167684,1000,AMERICAN SUGARBEET GROWERS ASSOCIATION POLITICAL ACTION COMMITTEE
2004,C00147173,1000,"WINE AND SPIRITS WHOLESALERS OF AMERICA, INC. POLITICAL ACTION COMMITTEE"
2004,C00335026,1000,CENDANT CORPORATION POLITICAL ACTION COMMITTEE
2004,C00163832,1000,CSX CORPORATION GOOD GOVERNMENT FUND
2004,C00333534,1000,CENTERPOINT ENERGY INC. POLITICAL ACTION COMMITTEE
2002,C00311043,1000,BRADY FOR CONGRESS
2002,C00270249,1000,PETER HOEKSTRA FOR  CONGRESS
2002,C00361956,1000,21ST CENTURY MAJORITY FUND
2002,C00358663,1000,AMERICAN RESORT DEVELOPMENT ASSOCIATION RESORT OWNERS COALITION PAC (ARDA-ROC PAC)
2002,C00363879,1000,"ENTERGY CORPORATION POLITICAL ACTION COMMITTEE ""ENPAC"""
2002,C00273136,1000,"OLSSON, FRANK AND WEEDA PC FREEDOM PAC"
2002,C00355461,1000,CANTOR FOR CONGRESS
2002,C00269340,1000,LOBIONDO FOR CONGRESS
2002,C00261958,1000,FRIENDS OF JACK KINGSTON
2002,C00364117,1000,PUTNAM FOR CONGRESS
2002,C00365692,1000,FORBES FOR CONGRESS
2002,C00354290,1000,AMERICAN FAMILY MUTUAL INSURANCE COMPANY FEDERAL PAC (AMFAM FEDERAL PAC)
2002,C00375196,1000,WELPAC
2002,C00375246,1000,PROSPERITY HELPS INSPIRE LIBERTY POLITICAL ACTION COMMITTEE (PHILPAC)
2002,C00377010,1000,PEACE THROUGH STRENGTH POLITICAL ACTION COMMITTEE
2002,C00260547,1000,BACHUS FOR CONGRESS COMMITTEE
2002,C00377663,1000,MILEAD FUND
2002,C00377689,1000,PROSPERITY PAC
2002,C00379057,1000,AMERICANS FOR COMMON SENSE GOVERNMENT
2002,C00382036,1000,DEMOCRACY BELIEVERS POLITICAL ACTION COMMITTEE (DB PAC)
2002,C00354753,1000,DEVON ENERGY CORPORATION POLITICAL ACTION COMMITTEE ('DEC PAC')
2002,C00350520,1000,ISSA FOR CONGRESS
2002,C00279299,1000,PORTMAN FOR CONGRESS COMMITTEE
2002,C00257956,1000,BOB GOODLATTE FOR CONGRESS COMMITTEE
2002,C00311308,1000,"TIMKEN COMPANY GOOD GOVERNMENT FUND, THE"
2002,C00307769,1000,GUIDANT CORPORATION PAC
2002,C00326629,1000,KLINE FOR CONGRESS
2002,C00326975,1000,RADANOVICH FOR CONGRESS '98
2002,C00329425,1000,NATIONAL FRANCHISEE ASSOCIATION PAC (NFA-PAC)
2002,C00330720,1000,TRUST PAC; TEAM REPUBLICANS FOR UTILIZING SENSIBLE TACTICS
2002,C00331090,1000,RAD POLITICAL ACTION COMMITTEE
2002,C00331397,1000,SIMPSON FOR CONGRESS
2002,C00304634,1000,MINEPAC A POLITICAL ACTION COMMITTEE OF THE NATIONAL MINING ASSOCIATION
2002,C00351288,1000,ED SCHROCK FOR CONGRESS
2002,C00303024,1000,LOCKHEED MARTIN EMPLOYEES POLITICAL ACTION COMMITTEE
2002,C00301929,1000,"COLLIER, SHANNON, SCOTT, PLLC POLITICAL ACTION COMMITTEE"
2002,C00340083,1000,DEAN FOODS COMPANY POLITICAL ACTION COMMITTEE
2002,C00300418,1000,SCIENCE APPLICATIONS INTERNATIONAL CORPORATION VOLUNTARY POLITICAL ACTION COMMITTEE
2002,C00296632,1000,CIRCUIT CITY STORES INC.  POLITICAL ACTION COMMITTEE
2002,C00344150,1000,FLETCHER FOR CONGRESS
2002,C00349431,1000,REHBERG FOR CONGRESS
2002,C00311159,1000,NATIONAL HARDWOOD LUMBER ASSOCIATION PAC INC
2002,C00338848,1000,HOOSIER POLITICAL ACTION COMMITTEE (HOOSIER PAC)
2002,C00000042,1000,ILLINOIS TOOL WORKS FOR BETTER GOVERNMENT COMMITTEE
2002,C00257402,1000,TEXANS FOR HENRY BONILLA
2002,C00035451,1000,AIR LINE PILOTS ASSOCIATION PAC
2002,C00096156,1000,HONEYWELL INTERNATIONAL POLITICAL ACTION COMMITTEE (HIPAC)
2002,C00172841,1000,UNITED EGG ASSOCIATION POLITICAL ACTION COMMITTEE (EGGPAC)
2002,C00085373,1000,KMART POLITICAL ACTION COMMITTEE
2002,C00087791,1000,BROWN & WILLIAMSON TOBACCO CORPORATION EMPLOYEE POLITICAL ACTION COMMITTEE AKA EMPAC
2002,C00028316,1000,STEVENS FOR SENATE COMMITTEE
2002,C00168070,1000,AMERICAN AMBULANCE ASSOCIATION FEDERAL PAC (AKA AMBU-PAC)
2002,C00043687,1000,DAIMLERCHRYSLER CORPORATION POLITICAL SUPPORT COMMITTEE
2002,C00158980,1000,"BOND MARKET ASSOCIATION POLITICAL ACTION COMMITTEE, THE"
2002,C00153213,1000,MIKE BILIRAKIS FOR CONGRESS
2002,C00147173,1000,"WINE AND SPIRITS WHOLESALERS OF AMERICA, INC. POLITICAL ACTION COMMITTEE"
2002,C00042960,1000,AMERICAN FROZEN FOOD INSTITUTE POLITICAL ACTION COMMITTEE (AFFI-PAC)
2002,C00142489,1000,ALLETE PAC (ALLETE POLITICAL ACTION COMMITTEE)
2002,C00126961,1000,COMMITTEE TO RE-ELECT CONGRESSMAN DUNCAN HUNTER
2002,C00022343,1000,INDEPENDENT INSURANCE AGENTS OF AMERICA POLITICAL ACTION COMMITTEE (INSURPAC)
2002,C00125641,1000,INTEL CORPORATION POLITICAL ACTION COMMITTEE
2002,C00122671,1000,PEPSI-COLA BOTTLERS ASSOCIATION-PAC
2002,C00115303,1000,WYETH GOOD GOVERNMENT FUND
2002,C00039016,1000,CLEVELAND-CLIFFS INC POLITICAL ACTION COMMITTEE (CLIFFS PAC)
2002,C00039214,1000,NATIONAL LUMBER AND BUILDING MATERIAL DEALERS ASSN POLITICAL ACTION COMMITTEE (LUDPAC)
2002,C00109819,1000,COALPAC A POLITICAL ACTION COMMITTEE OF THE NATIONAL MINING ASSOCIATION
2002,C00042424,1000,ST PAUL COMPANIES INC FKA ST PAUL VOLUNTEERS FOR GOOD GOVERNMENT
2002,C00040535,1000,AMERICAN EXPRESS COMPANY POLITICAL ACTION COMMITTEE (AXPPAC)
2002,C00255257,1000,AMERICAN MOVING AND STORAGE ASSOCIATION FKA AMERICAN MOVERS CONFERENCE
2002,C00102764,1000,AMERICAN CHIROPRACTIC ASSOCIATION POLITICAL ACTION COMMITTEE
2002,C00100537,1000,BILL THOMAS CAMPAIGN COMMITTEE
2002,C00100107,1000,NATIONAL SOFT DRINK ASSOCIATION POLITICAL ACTION COMMITTEE AKA SOFT DRINK PAC
2002,C00187526,1000,CITY POLITICAL ACTION COMMITTEE (CITY PAC)
2002,C00184028,1000,ING AMERICA INSURANCE HOLDINGS INC. POLITICAL ACTION COMMITTEE (ING US PAC)
2002,C00200980,1000,CASS BALLENGER FOR CONGRESS COMMITTEE
2002,C00235309,1000,DIRECT VOICE THE POLITICAL ACTION COMMITTEE OF THE DIRECT MARKETING ASSOCIATION
2002,C00250209,1000,ALLIANT TECHSYSTEMS INC EMPLOYEE CITIZENSHIP FUND
2002,C00250027,1000,KIRBY CORPORATION POLITICAL ACTION COMMITTEE
2002,C00000984,1000,UNITED STATES TELECOM ASSOCIATION POLITICAL ACTION COMMITTEE
2002,C00244863,1000,NATIONAL ROOFING CONTRACTORS ASSOCIATION (ROOFPAC)
2002,C00242370,1000,MONTGOMERY WATSON AMERICAS INC EMPLOYEE PAC
2002,C00242057,1000,REED SMITH POLITICAL ACTION COMMITTEE
2002,C00078451,1000,GENERAL DYNAMICS VOLUNTARY POLITICAL CONTRIBUTION PLAN
2002,C00235739,1000,BURLINGTON NORTHERN SANTA FE CORPORATION RAILPAC (BNSF RAILPAC)
2002,C00002238,1000,NATIONAL COUNCIL OF FARMER COOPERATIVES CO-OP/PAC
2002,C00067504,1000,SECURITIES INDUSTRY ASSOCIATION POLITICAL ACTION COMMITTEE
2002,C00202523,1000,WALLY HERGER FOR CONGRESS COMMITTEE
2002,C00006080,1000,AMERICAN HEALTH CARE ASSOCIATION POLITICAL ACTION COMMITTEE (AHCA-PAC)
2002,C00009985,1000,NATIONAL ASSOCIATION OF BROADCASTERS TELEVISION AND RADIO POLITICAL ACTION COMMITTEE
2002,C00014944,1000,BUD SHUSTER FOR CONGRESS COMMITTEE
2002,C00010868,1000,AMERICAN COUNCIL OF ENGINEERING COMPANIES (ACEC/PAC)
2002,C00223297,1000,CHRISTOPHER COX CONGRESSIONAL COMMITTEE
2002,C00221861,1000,GROWPAC
2002,C00221168,1000,ARTHUR ANDERSEN PAC
2002,C00218263,1000,TCF PAC
2002,C00208090,1000,HASTERT FOR CONGRESS COMMITTEE
2002,C00217216,1000,FIRST HEALTH GROUP CORP. PAC (FHGPAC)
2000,C00314641,1000,LEADERSHIP PAC 2000
2000,C00360362,1000,SCHWAN'S POLITICAL ACTION COMMITTEE (SCHWAN'S PAC)
2000,C00340810,1000,PAC '96
2000,C00355271,1000,FEDERAL VICTORY FUND
2000,C00330241,1000,JUDY BIGGERT FOR CONGRESS
2000,C00346536,1000,CLUB FOR GROWTH INC PAC
2000,C00344648,1000,RELY ON YOUR BELIEFS FUND
2000,C00315275,1000,RE-ELECT FRESHMAN OF THE REPUBLICAN MAJORITY (REFORM PAC)
2000,C00166348,1000,SOUTHERN MINNESOTA SUGAR COOPERATIVE POLITICAL ACTION COMMITTEE
2000,C00242768,1000,JOHN T DOOLITTLE FOR CONGRESS
2000,C00121368,1000,EXXON MOBIL CORPORATION POLITICAL ACTION COMMITTEE (EXXONMOBIL PAC)
2000,C00009985,1000,NATIONAL ASSOCIATION OF BROADCASTERS TELEVISION AND RADIO POLITICAL ACTION COMMITTEE
2000,C00018945,1000,DORSEY NATIONAL FUND
2000,C00236372,1000,CARLSON RESTAURANTS WORLDWIDE PARTICIPATING ACTIVE CITIZENS
2000,C00103937,1000,EAGLE FORUM PAC
2000,C00104851,1000,UST EXECUTIVES ADMINISTRATORS AND MANAGERS POLITICAL ACTION COMMITTEE (AKA USTEAM PAC)
2000,C00239905,1000,HOBSON FOR CONGRESS COMMITTEE
2000,C00184028,1000,ING AMERICA LIFE CORPORATION POL ACTION CMTE (ING US PAC) FKA LIFE INSURANCE CO OF GEORGIA
2000,C00107771,1000,XCEL ENERGY EMPLOYEE POLITICAL ACTION COMMITTEE
2000,C00121319,1000,AID ASSOCIATION FOR LUTHERANS EMPLOYEE POLITICAL ACTION COMMITTEE
2004,C70001847,983,AMERICAN MEDICAL ASSOCIATION
2002,C00009704,954,CONSERVATIVE VICTORY FUND
2002,C70000716,805,NATIONAL RIFLE ASSOCIATION (INSTITUTE FOR LEGISLATIVE ACTION)
2006,C70001243,768,NATIONAL FEDERATION OF INDEPENDENT BUSINESS
2002,C00149104,750,CENEX HARVEST STATES COOPERATIVES-COUNTRY ENERGY LLC POLITICAL ACTION COMMITTEE
2002,C00362376,750,LIFECORE BIOMEDICAL POLITICAL ACTION COMMITTEE
2002,C70002969,738,NATIONAL FEDERATION OF INDEPENDENT BUSINESS SAVE AMERICA'S FREE ENTERPRISE TRUST
2002,C00343236,714,CULBERSON FOR CONGRESS
2004,C00111278,548,NATIONAL RIGHT TO LIFE POLITICAL ACTION COMMITTEE
2002,C00107615,501,AMERICAN RENTAL ASSOCIATION POLITICAL ACTION COMMITTEE (ARAPAC)
2000,C00107615,501,AMERICAN RENTAL ASSOCIATION POLITICAL ACTION COMMITTEE (ARAPAC)
2006,C00398909,500,PERENNIAL STRATEGY PAC
2006,C00335570,500,ACADIAN AMBULANCE SERVICE INC. EMPLOYEE PAC
2006,C00112623,500,"WHITE CASTLE SYSTEM, INC POLITICAL ACTION COMMITTEE"
2006,C00333427,500,WALDEN FOR CONGRESS INC.
2006,C00122671,500,PEPSI-COLA BOTTLERS ASSOCIATION-PAC
2006,C00331173,500,NATIONAL ELECTRICAL MANUFACTURERS ASSOCIATION POLITICAL ACTION COMMITTEE ('NEMA PAC')
2006,C00430116,500,WINONA COUNTY MN REPUBLICANS
2006,C00065219,500,WINE INSTITUTE POLITICAL ACTION COMMITTTE
2006,C00280321,500,PMA GROUP POLITICAL ACTION COMMITTEE
2006,C00386904,500,B&D PAC
2006,C00214304,500,FOOD LION INC POLITICAL ACTION COMMITTEE
2006,C00279828,500,TEXTILE RENTAL SERVICES ASSOCIATION OF AMERICA POLITICAL ACTION COMMITTEE (TRSAPAC)
2004,C00352054,500,ARMENIAN AMERICAN PAC (ARMENPAC)
2004,C00002238,500,NATIONAL COUNCIL OF FARMER COOPERATIVES CO-OP/PAC
2004,C00090415,500,NATIONAL SOCIETY OF PROFESSIONAL ENGINEERS POLITICAL ACTION COMMITTEE (NSPE-PAC)
2004,C00255257,500,AMERICAN MOVING AND STORAGE ASSOCIATION POLITICAL ACTION COMMITTEE
2004,C00284810,500,MARRIOTT INTERNATIONAL INC. POLITICAL ACTION COMMITTEE
2004,C00000794,500,LENT & SCRIVNER PAC
2004,C00386904,500,B AND D SAGAMORE PAC
2004,C00042069,500,MONSANTO COMPANY CITIZENSHIP FUND AKA MONSANTO CITIZENSHIP FUND
2004,C00303032,500,INTERNATIONAL WAREHOUSE LOGISTICS ASSOCIATION POLITICAL ACTION COMMITTEE
2004,C00331173,500,NATIONAL ELECTRICAL MANUFACTURERS ASSOCIATION POLITICAL ACTION COMMITTEE ('NEMA PAC')
2004,C00188011,500,NATIONAL TANK TRUCK CARRIERS POLITICAL ACTION COMMITTEE
2004,C00169821,500,TYSON FOODS INC POLITICAL ACTION COMMITTEE (TYPAC)
2004,C00168542,500,GREAT LAKES SUGAR BEET GROWERS POLITICAL ACTION COMMITTEE
2004,C00215491,500,FAEGRE AND BENSON PROFESSIONAL LIMITED LIABILITY PARTNERSHIP FEDERAL POLITICAL COMMITTEE
2004,C00385740,500,FROZEN FOOD POLITICAL ACTION COMMITTEE
2004,C00104901,500,"AKIN, GUMP, STRAUSS, HAUER & FELD LLP CIVIC ACTION COMMITTEE"
2004,C00376939,500,MARSHA BLACKBURN FOR CONGRESS INC.
2004,C00332031,500,INDEPENDENT ELECTRICAL CONTRACTORS INC PAC (IEC PRIDE PAC)
2004,C00254656,500,SUGAR CANE GROWERS COOPERATIVE OF FLORIDA (PAC)
2004,C00012328,500,FLORIDA SUGAR CANE LEAGUE PAC
2002,C00066472,500,NATIONAL ASSOCIATION OF INDEPENDENT INSURERS POLITICAL ACTION COMMITTEE
2002,C00059832,500,AUCTION MARKETS POLITICAL ACTION COMMITTEE OF THE CHICAGO BOARD OF TRADE A/K/A AMPAC/CBT
2002,C00042069,500,MONSANTO COMPANY CITIZENSHIP FUND AKA MONSANTO CITIZENSHIP FUND
2002,C00033944,500,FEED INDUSTRY POLITICAL ACTION COMMITTEE/AMERICAN FEED INDUSTRY ASSOCIATION
2002,C00041178,500,TEXACO INC. POLITICAL INVOLVEMENT COMMITTEE
2002,C00040394,500,THE WILLIAMS COMPANIES INC. POLITICAL ACTION COMMITTEE
2002,C00040329,500,NATIONAL RETAIL FEDERATION RETAILPAC
2002,C00034470,500,DIAGEO NORTH AMERICA INC.  EMPLOYEES' POLITICAL PARTICIPATION COMMITTEE
2002,C00076588,500,CF INDUSTRIES EMPLOYEES' GOOD GOVERNMENT FUND
2002,C00030734,500,DISTILLED SPIRITS COUNCIL OF THE UNITED STATES INC POLITICAL ACTION COMMITTEE
2002,C00022988,500,AMERICAN NURSERY AND LANDSCAPE ASSOCIATION - POLITICAL ACTION COMMITTEE
2002,C00366468,500,CORRECTIONS CORPORATION OF AMERICA INC POLITICAL ACTION COMMITTEE
2002,C00012328,500,FLORIDA SUGAR CANE LEAGUE PAC
2002,C00003756,500,NATIONAL FOOD PROCESSORS ASSOCIATION POLITICAL ACTION COMMITTEE (NFPAC)
2002,C00001875,500,AMERICA'S COMMUNITY BANKERS COMMUNITY CAMPAIGN COMMITTEE
2002,C00075341,500,MOTOROLA CIVIC ACTION CAMPAIGN FUND
2002,C00103143,500,AMERICAN INSURANCE ASSOCIATION POLITICAL ACTION COMMITTEE
2002,C00164152,500,NATIONAL LEAGUE OF POSTMASTERS OF THE US POLITICIAL ACTION COMMITTEE
2002,C00320077,500,JIM RYUN FOR CONGRESS
2002,C00248849,500,CROPLIFE AMERICA POLITICAL ACTION COMMITTEE
2002,C00236778,500,OWNER-OPERATOR INDEPENDENT DRIVERS ASSN INC POLITICAL ACTION COMMITTEE (AKA OOIDA-PAC)
2002,C00283135,500,NATIONAL ASSOCIATION OF HEALTH UNDERWRITERS PAC (HUPAC)
2002,C00284810,500,MARRIOTT INTERNATIONAL INC POLITICAL ACTION COMMITTEE
2002,C00285189,500,SOUDER FOR CONGRESS INC
2002,C00285387,500,CONTINUE THE MAJORITY
2002,C00286583,500,MINNESOTA COMMITTEE FOR THE REPUBLICAN CONGRESS
2002,C00215491,500,FAEGRE & BENSON LIMITED LIABILITY PARTNERSHIP
2002,C00304949,500,WATTS FOR CONGRESS
2002,C00199653,500,STEWART & STEVENSON SERVICES INC GOOD GOVERNMENT COMMITTEE
2002,C00171330,500,HOLLAND & KNIGHT COMMITTEE FOR EFFECTIVE GOVERNMENT
2002,C00168542,500,GREAT LAKES SUGAR BEET GROWERS POLITICAL ACTION COMMITTEE
2002,C00312090,500,MORAN FOR KANSAS
2002,C00077362,500,AMERICAN FURNITURE MANUFACTURERS ASSOCIATION POLITICAL ACTION COMMITTEE
2002,C00252338,500,AMERICAN CHEMISTRY COUNCIL PAC
2002,C00132092,500,ALLIANT ENERGY EMPLOYEE'S POLITICAL ACTION COMM
2002,C00081455,500,RELIANT RESOURCES INC. PAC (REPAC)
2002,C00116145,500,INTERSTATE NATURAL GAS ASSOCIATION OF AMERICA POLITICAL ACTION COMMITTEE
2002,C00112896,500,PHILLIPS PETROLEUM COMPANY POLITICAL ACTION COMMITTEE
2002,C00112623,500,"WHITE CASTLE SYSTEM, INC POLITICAL ACTION COMMITTEE"
2002,C00107300,500,AMERICAN AIRLINES POLITICAL ACTION COMMITTEE
2002,C00104901,500,"AKIN, GUMP, STRAUSS, HAUER & FELD LLP CIVIC ACTION COMMITTEE"
2002,C00097865,500,NATSO INC
2002,C00342386,500,HEART PAC
2002,C00081414,500,AMERICAN SUGAR CANE LEAGUE POLITICAL ACTION COMMITTEE
2002,C00343376,500,PEOPLE FOR PLATTS COMMITTEE
2002,C00090415,500,NATIONAL SOCIETY OF PROFESSIONAL ENGINEERS POLTICAL ACTION COMMITTEE (NSPE-PAC)
2002,C00090209,500,YELLOW CORPORATION POLITICAL ACTION COMMITTEE
2000,C00128231,500,"ICE CREAM, MILK&CHEESE PAC-INTL ICE CREAM ASSN, MILK INDUSTRY FDTN &NATL CHEESE INSTITUTE"
2000,C00341768,500,T E A M PAC
2000,C00009704,500,CONSERVATIVE VICTORY FUND
2000,C00270249,500,HOEKSTRA FOR CONGRESS
2000,C00363515,500,MINNESOTANS FOR AMERICA'S PROMISE
2000,C00282160,500,GUTKNECHT FOR U S CONGRESS COMMITTEE
2000,C00032698,500,INDEPENDENT COMMUNITY BANKERS OF AMERICA POLITICAL ACTION COMMITTEE
2000,C00033944,500,FEED INDUSTRY POLITICAL ACTION COMMITTEE/AMERICAN FEED INDUSTRY ASSOCIATION
2000,C00040329,500,NATIONAL RETAIL FEDERATION RETAILPAC
2000,C00042002,500,RJR POLITICAL ACTION COMMITTEE; R J REYNOLDS TOBACCO HOLDINGS INC
2000,C00042424,500,ST PAUL COMPANIES INC FKA ST PAUL VOLUNTEERS FOR GOOD GOVERNMENT
2000,C00114025,500,NATIONAL READY MIXED CONCRETE ASSOCIATION POLITICAL ACTION COMMITTEE (CONCRETEPAC)
2000,C00042960,500,AMERICAN FROZEN FOOD INSTITUTE POLITICAL ACTION COMMITTEE (AFFI-PAC)
2000,C00087791,500,BROWN & WILLIAMSON TOBACCO CORPORATION EMPLOYEE POLITICAL ACTION COMMITTEE AKA EMPAC
2000,C00201509,500,FOOD DISTRIBUTORS VOICE IN POLITICS CMTE-THE POLITICAL ACTION CMTE OF FOOD DIST INT'L
2000,C00300921,500,BLACK AMERICA'S POLITICAL ACTION COMMITTEE
2000,C00194746,500,BLUEPAC BLUE CROSS AND BLUE SHIELD ASSOCIATION THE POLITICAL ACTION COMMITTEE
2000,C00325373,500,MINNESOTANS FOR A BETTER AMERICA
2002,C00111278,485,NATIONAL RIGHT TO LIFE POLITICAL ACTION COMMITTEE
2002,C70003108,467,INTERNATIONAL ASSOCIATION OF FIRE FIGHTERS
2006,C70000716,437,NATIONAL RIFLE ASSOCIATION (INSTITUTE FOR LEGISLATIVE ACTION)
2006,C00369660,401,VEN-PAC
2006,C00172833,250,AMERICAN ASSOCIATION OF CROP INSURERS POLITICAL ACTION COMMITTEE (AACI PAC)
2006,C00139097,250,CONSERVATIVE NATIONAL COMMITTEE (FKA-CONGRESSIONAL MAJORITY COMMITTEE)
2006,C00384206,250,SHORT ELLIOTT HENDRICKSON INC EMPLOYEES FEDERAL PAC
2006,C00279505,250,RAIN AND HAIL INSURANCE SOCIETY POLITICAL ACTION COMMITTEE
2006,C00374447,250,DMJM+HARRIS PAC
2004,C00380196,250,FRIENDS OF SNOWMOBILING PAC
2004,C00099754,250,BAKEPAC - THE POLITICAL ACTION COMMITTEE OF THE INDEPENDENT BAKERS ASSOCIATION
2004,C00305607,250,"YOUNG JEWISH LEADERSHIP POLITICAL ACTION COMMITTEE INC, THE"
2002,C00266734,250,FRIENDS OF SCOTT MCINNIS INC
2002,C00226712,250,STEWART TILE GUARANTY COMPANY PAC (STEWPAC)
2002,C00342394,250,EBAY INC-COMMITTEE FOR RESPONSIBLE INTERNET COMMERCE
2002,C00170258,250,NAMIC CAP
2006,C00381277,200,OHIO COAL PAC
2000,C00145201,200,MINN LEAGUE OF SAVINGS & COMMUNITY BANKERS COMMUNITY CAMPAIGN COMMITTEE (MN-COMPAC)
2006,C00099754,175,BAKEPAC - THE POLITICAL ACTION COMMITTEE OF THE INDEPENDENT BAKERS ASSOCIATION
2004,C00231233,100,LINDQUIST
2000,C00099754,100,BAKEPAC - THE POLITICAL ACTION COMMITTEE OF THE INDEPENDENT BAKERS ASSOCIATION
2006,C00375865,83,CONCERNED WOMEN FOR AMERICA LEGISLATIVE ACTION COMMITTEE POLITICAL ACTION COMMITTEE
2000,C70003355,65,ASSOCIATED BUILDERS AND CONTRACTORS
2006,C00075820,21,NATIONAL REPUBLICAN CONGRESSIONAL COMMITTEE
2002,C00347922,10,GNOSSOS SOFTWARE INC. POLITICAL ACTION COMMITTEE (GNOPAC)
2002,C90005471,2,PLANNED PARENTHOOD ACTION FUND INC
2006,C00208983,0,MANTECH INTERNATIONAL CORPORATION POLITICAL ACTION COMMITTEE
2006,C00053751,0,FRIENDS OF BOB LIVINGSTON PAC
2002,C00033423,0,HOUSEHOLD INTERNATIONAL INC. AND SUBSIDIARY COMPANIES POLITICAL ACTION COMMITTEE (HOUSE P
2004,C00283135,-500,NATIONAL ASSOCIATION OF HEALTH UNDERWRITERS PAC (HUPAC)
2006,C00370791,-2000,MAJORITY INITIATIVE TO KEEP ELECTING REPUBLICANS FUND A.K.A MIKE R FUND
